"Position","Name","Salary","GameInfo","AvgPointsPerGame","teamAbbrev"
"SP","Clayton Kershaw",14800,"Mia@LAD 10:10PM ET",26.530,"LAD"
"SP","Jake Arrieta",13800,"Mil@ChC 08:05PM ET",32.288,"ChC"
"SP","Max Scherzer",13300,"Phi@Was 07:05PM ET",16.510,"Was"
"SP","Stephen Strasburg",12600,"Phi@Was 07:05PM ET",27.263,"Was"
"SP","Chris Sale",12500,"CWS@Tor 07:07PM ET",28.860,"CWS"
"SP","Corey Kluber",12300,"Cle@Min 08:10PM ET",19.188,"Cle"
"SP","Madison Bumgarner",12000,"SD@SF 03:45PM ET",20.430,"SF"
"SP","Jose Fernandez",11900,"Mia@LAD 10:10PM ET",19.750,"Mia"
"SP","Carlos Carrasco",11800,"Cle@Min 08:10PM ET",18.225,"Cle"
"SP","Felix Hernandez",11700,"Hou@Sea 10:10PM ET",20.063,"Sea"
"SP","Noah Syndergaard",11700,"Cin@NYM 07:10PM ET",29.450,"NYM"
"SP","Jon Lester",11300,"Mil@ChC 08:05PM ET",22.425,"ChC"
"SP","David Price",11000,"Atl@Bos 07:10PM ET",21.630,"Bos"
"SP","Johnny Cueto",10700,"SD@SF 03:45PM ET",25.000,"SF"
"SP","Danny Salazar",10600,"Cle@Min 08:10PM ET",21.188,"Cle"
"SP","Jacob deGrom",10600,"Cin@NYM 07:10PM ET",20.225,"NYM"
"SP","Matt Harvey",10400,"Cin@NYM 07:10PM ET",8.663,"NYM"
"SP","Drew Smyly",10400,"Bal@TB 07:10PM ET",26.325,"TB"
"SP","Yu Darvish",10200,"NYY@Tex 08:05PM ET",0,"Tex"
"SP","Chris Archer",10100,"Bal@TB 07:10PM ET",16.330,"TB"
"SP","Dallas Keuchel",10100,"Hou@Sea 10:10PM ET",15.180,"Hou"
"SP","Jeff Samardzija",10000,"SD@SF 03:45PM ET",17.088,"SF"
"SP","Kenta Maeda",9800,"Mia@LAD 10:10PM ET",24.800,"LAD"
"SP","Sonny Gray",9800,"Oak@Det 07:10PM ET",20.863,"Oak"
"SP","Taijuan Walker",9700,"Hou@Sea 10:10PM ET",22.813,"Sea"
"SP","Gio Gonzalez",9600,"Phi@Was 07:05PM ET",23.517,"Was"
"SP","Danny Hultzen",9600,"Hou@Sea 10:10PM ET",0,"Sea"
"SP","Vince Velasquez",9500,"Phi@Was 07:05PM ET",29.050,"Phi"
"SP","John Lackey",9300,"Mil@ChC 08:05PM ET",19.100,"ChC"
"SP","Cole Hamels",9300,"NYY@Tex 08:05PM ET",19.813,"Tex"
"SP","Masahiro Tanaka",9200,"NYY@Tex 08:05PM ET",18.625,"NYY"
"SP","Hisashi Iwakuma",9200,"Hou@Sea 10:10PM ET",12.575,"Sea"
"SP","Lance McCullers",9200,"Hou@Sea 10:10PM ET",0,"Hou"
"SP","Raisel Iglesias",9200,"Cin@NYM 07:10PM ET",15.830,"Cin"
"SP","Zack Greinke",9100,"StL@Ari 09:40PM ET",9.333,"Ari"
"SP","Jason Hammel",9000,"Mil@ChC 08:05PM ET",22.600,"ChC"
"SP","Jose Quintana",9000,"CWS@Tor 07:07PM ET",20.325,"CWS"
"SP","Hyun-Jin Ryu",8900,"Mia@LAD 10:10PM ET",0,"LAD"
"SP","Josh Tomlin",8800,"Cle@Min 08:10PM ET",22.425,"Cle"
"SP","Anthony DeSclafani",8800,"Cin@NYM 07:10PM ET",0,"Cin"
"SP","Garrett Richards",8700,"KC@LAA 10:05PM ET",18.600,"LAA"
"SP","Kevin Gausman",8700,"Bal@TB 07:10PM ET",19.650,"Bal"
"SP","Kyle Hendricks",8700,"Mil@ChC 08:05PM ET",15.338,"ChC"
"SP","Carlos Rodon",8700,"CWS@Tor 07:07PM ET",13.550,"CWS"
"SP","Justin Verlander",8600,"Oak@Det 07:10PM ET",14.325,"Det"
"SP","Tyson Ross",8600,"SD@SF 03:45PM ET",0.800,"SD"
"SP","Steven Matz",8600,"Cin@NYM 07:10PM ET",15.317,"NYM"
"SP","Yordano Ventura",8600,"KC@LAA 10:05PM ET",18.088,"KC"
"SP","James Shields",8500,"SD@SF 03:45PM ET",13.250,"SD"
"SP","Ubaldo Jimenez",8500,"Bal@TB 07:10PM ET",16.538,"Bal"
"SP","Homer Bailey",8500,"Cin@NYM 07:10PM ET",0,"Cin"
"SP","Nathan Karns",8500,"Hou@Sea 10:10PM ET",17.413,"Sea"
"SP","Wei-Yin Chen",8500,"Mia@LAD 10:10PM ET",14.713,"Mia"
"SP","Zack Wheeler",8500,"Cin@NYM 07:10PM ET",0,"NYM"
"SP","Marcus Stroman",8500,"CWS@Tor 07:07PM ET",14.510,"Tor"
"SP","Carlos Martinez",8500,"StL@Ari 09:40PM ET",23.000,"StL"
"SP","Trevor Bauer",8500,"Cle@Min 08:10PM ET",5.583,"Cle"
"SP","Jordan Zimmermann",8400,"Oak@Det 07:10PM ET",21.775,"Det"
"SP","Jake Odorizzi",8400,"Bal@TB 07:10PM ET",13.210,"TB"
"SP","Ian Kennedy",8300,"KC@LAA 10:05PM ET",19.325,"KC"
"SP","Matt Moore",8300,"Bal@TB 07:10PM ET",18.563,"TB"
"SP","Blake Snell",8300,"Bal@TB 07:10PM ET",19.450,"TB"
"SP","Brandon McCarthy",8200,"Mia@LAD 10:10PM ET",0,"LAD"
"SP","Jaime Garcia",8200,"StL@Ari 09:40PM ET",21.963,"StL"
"SP","Rick Porcello",8200,"Atl@Bos 07:10PM ET",24.538,"Bos"
"SP","Mike Fiers",8200,"Hou@Sea 10:10PM ET",11.375,"Hou"
"SP","Anibal Sanchez",8100,"Oak@Det 07:10PM ET",8.375,"Det"
"SP","Clay Buchholz",8100,"Atl@Bos 07:10PM ET",7.900,"Bos"
"SP","Wade Miley",8100,"Hou@Sea 10:10PM ET",8.738,"Sea"
"SP","Collin McHugh",8100,"Hou@Sea 10:10PM ET",5.125,"Hou"
"SP","Jimmy Nelson",8100,"Mil@ChC 08:05PM ET",17.540,"Mil"
"SP","Aaron Nola",8100,"Phi@Was 07:05PM ET",20.225,"Phi"
"SP","Adam Wainwright",7900,"StL@Ari 09:40PM ET",2.063,"StL"
"RP","Zach Lee",7900,"Mia@LAD 10:10PM ET",0,"LAD"
"SP","Lucas Giolito",7900,"Phi@Was 07:05PM ET",0,"Was"
"SP","Alex Cobb",7800,"Bal@TB 07:10PM ET",0,"TB"
"SP","John Lamb",7800,"Cin@NYM 07:10PM ET",0,"Cin"
"SP","Andrew Cashner",7700,"SD@SF 03:45PM ET",13.113,"SD"
"SP","Michael Pineda",7700,"NYY@Tex 08:05PM ET",12.975,"NYY"
"SP","Tyler Skaggs",7700,"KC@LAA 10:05PM ET",0,"LAA"
"SP","Jerad Eickhoff",7700,"Phi@Was 07:05PM ET",18.838,"Phi"
"SP","Joe Ross",7700,"Phi@Was 07:05PM ET",13.625,"Was"
"SP","Robert Stephenson",7700,"Cin@NYM 07:10PM ET",13.300,"Cin"
"SP","Michael Wacha",7700,"StL@Ari 09:40PM ET",13.613,"StL"
"SP","Rich Hill",7600,"Oak@Det 07:10PM ET",21.660,"Oak"
"SP","Chris Tillman",7600,"Bal@TB 07:10PM ET",10.713,"Bal"
"SP","Jake Peavy",7500,"SD@SF 03:45PM ET",6.113,"SF"
"SP","Edinson Volquez",7500,"KC@LAA 10:05PM ET",16.030,"KC"
"SP","J.A. Happ",7500,"CWS@Tor 07:07PM ET",15.675,"Tor"
"SP","Brandon Morrow",7500,"SD@SF 03:45PM ET",0,"SD"
"SP","Shelby Miller",7500,"StL@Ari 09:40PM ET",2.575,"Ari"
"SP","Patrick Corbin",7500,"StL@Ari 09:40PM ET",11.310,"Ari"
"SP","Hector Santiago",7400,"KC@LAA 10:05PM ET",22.750,"LAA"
"SP","Yovani Gallardo",7300,"Bal@TB 07:10PM ET",4.125,"Bal"
"SP","Gerrit Cole",7300,"Pit@Col 08:40PM ET",16.700,"Pit"
"SP","Sean Manaea",7300,"Oak@Det 07:10PM ET",0,"Oak"
"SP","C.J. Wilson",7200,"KC@LAA 10:05PM ET",0,"LAA"
"SP","Ervin Santana",7200,"Cle@Min 08:10PM ET",12.550,"Min"
"SP","Derek Holland",7200,"NYY@Tex 08:05PM ET",15.538,"Tex"
"SP","Tanner Roark",7200,"Phi@Was 07:05PM ET",18.900,"Was"
"SP","Eduardo Rodriguez",7200,"Atl@Bos 07:10PM ET",0,"Bos"
"SP","Robbie Ray",7200,"StL@Ari 09:40PM ET",14.100,"Ari"
"SP","Luis Severino",7200,"NYY@Tex 08:05PM ET",4.313,"NYY"
"SP","Marco Estrada",7100,"CWS@Tor 07:07PM ET",19.633,"Tor"
"SP","Mat Latos",7100,"CWS@Tor 07:07PM ET",20.038,"CWS"
"SP","Mike Minor",7100,"KC@LAA 10:05PM ET",0,"KC"
"SP","Drew Hutchison",7100,"CWS@Tor 07:07PM ET",18.550,"Tor"
"SP","R.A. Dickey",7000,"CWS@Tor 07:07PM ET",8.320,"Tor"
"RP","Jesse Chavez",7000,"CWS@Tor 07:07PM ET",4.056,"Tor"
"SP","Henry Owens",7000,"Atl@Bos 07:10PM ET",4.100,"Bos"
"SP","Brett Anderson",6900,"Mia@LAD 10:10PM ET",0,"LAD"
"SP","Jose Berrios",6900,"Cle@Min 08:10PM ET",0,"Min"
"SP","Francisco Liriano",6800,"Pit@Col 08:40PM ET",13.450,"Pit"
"SP","Charlie Morton",6800,"Phi@Was 07:05PM ET",12.800,"Phi"
"SP","Matt Cain",6800,"SD@SF 03:45PM ET",7.063,"SF"
"SP","Jarrod Parker",6800,"Oak@Det 07:10PM ET",0,"Oak"
"SP","Nathan Eovaldi",6800,"NYY@Tex 08:05PM ET",18.675,"NYY"
"SP","Taylor Jungmann",6800,"Mil@ChC 08:05PM ET",2.263,"Mil"
"SP","Andrew Heaney",6800,"KC@LAA 10:05PM ET",15.300,"LAA"
"SP","A.J. Griffin",6800,"NYY@Tex 08:05PM ET",18.163,"Tex"
"SP","Jesse Hahn",6800,"Oak@Det 07:10PM ET",0,"Oak"
"SP","Scott Kazmir",6700,"Mia@LAD 10:10PM ET",7.988,"LAD"
"SP","Phil Hughes",6700,"Cle@Min 08:10PM ET",15.525,"Min"
"SP","Tom Koehler",6700,"Mia@LAD 10:10PM ET",10.500,"Mia"
"SP","Chase Anderson",6700,"Mil@ChC 08:05PM ET",9.800,"Mil"
"SP","Rubby De La Rosa",6700,"StL@Ari 09:40PM ET",7.317,"Ari"
"SP","Chase Whitley",6700,"Bal@TB 07:10PM ET",0,"TB"
"SP","Michael Fulmer",6700,"Oak@Det 07:10PM ET",0,"Det"
"SP","Zach Davies",6700,"Mil@ChC 08:05PM ET",-1.225,"Mil"
"SP","Tyler Duffey",6700,"Cle@Min 08:10PM ET",4.800,"Min"
"SP","Steven Wright",6600,"Atl@Bos 07:10PM ET",19.967,"Bos"
"SP","Julio Teheran",6600,"Atl@Bos 07:10PM ET",12.400,"Atl"
"SP","Robbie Erlin",6600,"SD@SF 03:45PM ET",14.083,"SD"
"SP","Adam Conley",6600,"Mia@LAD 10:10PM ET",11.525,"Mia"
"SP","CC Sabathia",6500,"NYY@Tex 08:05PM ET",7.900,"NYY"
"SP","Mike Leake",6500,"StL@Ari 09:40PM ET",8.363,"StL"
"SP","Burch Smith",6500,"Bal@TB 07:10PM ET",0,"TB"
"SP","Erasmo Ramirez",6500,"Bal@TB 07:10PM ET",8.056,"TB"
"SP","Colby Lewis",6400,"NYY@Tex 08:05PM ET",14.600,"Tex"
"SP","Jason Vargas",6400,"KC@LAA 10:05PM ET",0,"KC"
"SP","Jeremy Hellickson",6400,"Phi@Was 07:05PM ET",12.138,"Phi"
"SP","Kris Medlen",6400,"KC@LAA 10:05PM ET",8.983,"KC"
"SP","Brandon Finnegan",6400,"Cin@NYM 07:10PM ET",13.480,"Cin"
"SP","Jered Weaver",6300,"KC@LAA 10:05PM ET",11.375,"LAA"
"SP","Aaron Sanchez",6300,"CWS@Tor 07:07PM ET",17.338,"Tor"
"SP","Jon Gray",6300,"Pit@Col 08:40PM ET",15.850,"Col"
"SP","Chris Bassitt",6300,"Oak@Det 07:10PM ET",11.288,"Oak"
"SP","Scott Feldman",6200,"Hou@Sea 10:10PM ET",7.013,"Hou"
"SP","Tommy Milone",6200,"Cle@Min 08:10PM ET",9.250,"Min"
"SP","Kyle Gibson",6200,"Cle@Min 08:10PM ET",4.425,"Min"
"SP","Dallas Beeler",6200,"Mil@ChC 08:05PM ET",0,"ChC"
"SP","Erik Johnson",6200,"CWS@Tor 07:07PM ET",0,"CWS"
"SP","Daniel Norris",6200,"Oak@Det 07:10PM ET",0,"Det"
"SP","Alex Wood",6200,"Mia@LAD 10:10PM ET",5.963,"LAD"
"SP","Chris Young",6100,"KC@LAA 10:05PM ET",10.263,"KC"
"SP","Jorge De La Rosa",6100,"Pit@Col 08:40PM ET",6.670,"Col"
"SP","John Danks",6100,"CWS@Tor 07:07PM ET",7.400,"CWS"
"SP","Miguel Gonzalez",6100,"CWS@Tor 07:07PM ET",6.200,"CWS"
"SP","Tyler Glasnow",6100,"Pit@Col 08:40PM ET",0,"Pit"
"SP","Alfredo Simon",6000,"Cin@NYM 07:10PM ET",-1.750,"Cin"
"SP","Ricky Nolasco",6000,"Cle@Min 08:10PM ET",19.813,"Min"
"SP","Bud Norris",6000,"Atl@Bos 07:10PM ET",8.100,"Atl"
"SP","Mike Bolsinger",6000,"Mia@LAD 10:10PM ET",0,"LAD"
"SP","Colin Rea",6000,"SD@SF 03:45PM ET",7.100,"SD"
"SP","Matt Garza",5900,"Mil@ChC 08:05PM ET",0,"Mil"
"SP","Wily Peralta",5900,"Mil@ChC 08:05PM ET",5.430,"Mil"
"SP","Vance Worley",5900,"Bal@TB 07:10PM ET",10.325,"Bal"
"SP","Jarred Cosart",5900,"Mia@LAD 10:10PM ET",1.467,"Mia"
"SP","Mike Wright",5900,"Bal@TB 07:10PM ET",9.133,"Bal"
"RP","Dylan Bundy",5900,"Bal@TB 07:10PM ET",1.092,"Bal"
"SP","Chad Bettis",5800,"Pit@Col 08:40PM ET",14.950,"Col"
"SP","Brett Oberholtzer",5800,"Phi@Was 07:05PM ET",4.125,"Phi"
"SP","Cody Anderson",5800,"Cle@Min 08:10PM ET",3.900,"Cle"
"SP","Jon Moscot",5800,"Cin@NYM 07:10PM ET",5.500,"Cin"
"SP","Kyle Zimmer",5800,"KC@LAA 10:05PM ET",0,"KC"
"SP","Martin Perez",5700,"NYY@Tex 08:05PM ET",7.750,"Tex"
"SP","Michael Lorenzen",5700,"Cin@NYM 07:10PM ET",0,"Cin"
"SP","Aaron Blair",5700,"Atl@Bos 07:10PM ET",3.200,"Atl"
"SP","Doug Fister",5600,"Hou@Sea 10:10PM ET",7.150,"Hou"
"SP","Drew Pomeranz",5600,"SD@SF 03:45PM ET",21.875,"SD"
"SP","Henderson Alvarez",5600,"Oak@Det 07:10PM ET",0,"Oak"
"SP","Joe Kelly",5600,"Atl@Bos 07:10PM ET",4.167,"Bos"
"SP","Tyler Cravy",5600,"Mil@ChC 08:05PM ET",2.790,"Mil"
"SP","Nick Tropeano",5600,"KC@LAA 10:05PM ET",16.067,"LAA"
"SP","Archie Bradley",5600,"StL@Ari 09:40PM ET",-2.850,"Ari"
"SP","Felix Doubront",5500,"Oak@Det 07:10PM ET",0,"Oak"
"SP","Tyler Chatwood",5500,"Pit@Col 08:40PM ET",13.975,"Col"
"OF","Bryce Harper",5500,"Phi@Was 07:05PM ET",13.526,"Was"
"SP","Jameson Taillon",5500,"Pit@Col 08:40PM ET",0,"Pit"
"OF","Giancarlo Stanton",5400,"Mia@LAD 10:10PM ET",9.389,"Mia"
"SP","Tim Melville",5400,"Cin@NYM 07:10PM ET",-0.450,"Cin"
"SP","Kendall Graveman",5400,"Oak@Det 07:10PM ET",14.013,"Oak"
"SP","Bartolo Colon",5300,"Cin@NYM 07:10PM ET",12.770,"NYM"
"SP","Eric Surkamp",5300,"Oak@Det 07:10PM ET",3.525,"Oak"
"RP","David Phelps",5300,"Mia@LAD 10:10PM ET",6.228,"Mia"
"SS","Trevor Story",5300,"Pit@Col 08:40PM ET",10.842,"Col"
"SP","Matt Wisler",5300,"Atl@Bos 07:10PM ET",10.720,"Atl"
"SP","Roenis Elias",5300,"Atl@Bos 07:10PM ET",-3.850,"Bos"
"SP","Mike Pelfrey",5200,"Oak@Det 07:10PM ET",4.850,"Det"
"RP","Taylor Jordan",5200,"Phi@Was 07:05PM ET",0,"Was"
"3B","Nolan Arenado",5200,"Pit@Col 08:40PM ET",10.850,"Col"
"OF","Starling Marte",5200,"Pit@Col 08:40PM ET",10.143,"Pit"
"SP","Tyler Wilson",5200,"Bal@TB 07:10PM ET",7.213,"Bal"
"SP","Nick Kingham",5200,"Pit@Col 08:40PM ET",0,"Pit"
"SP","Ross Stripling",5200,"Mia@LAD 10:10PM ET",12.213,"LAD"
"SP","Brandon Workman",5100,"Atl@Bos 07:10PM ET",0,"Bos"
"SP","Manny Banuelos",5100,"Atl@Bos 07:10PM ET",0,"Atl"
"SP","Logan Verrett",5100,"Cin@NYM 07:10PM ET",10.325,"NYM"
"SP","Marco Gonzales",5100,"StL@Ari 09:40PM ET",0,"StL"
"OF","Mookie Betts",5100,"Atl@Bos 07:10PM ET",10.700,"Bos"
"OF","Andrew McCutchen",5000,"Pit@Col 08:40PM ET",9.150,"Pit"
"OF","Mike Trout",5000,"KC@LAA 10:05PM ET",8.524,"LAA"
"SP","Jonathon Niese",4900,"Pit@Col 08:40PM ET",11.580,"Pit"
"SP","Ivan Nova",4900,"NYY@Tex 08:05PM ET",4.310,"NYY"
"RP","Danny Duffy",4900,"KC@LAA 10:05PM ET",2.828,"KC"
"1B","Anthony Rizzo",4900,"Mil@ChC 08:05PM ET",10.950,"ChC"
"SP","Matt Shoemaker",4900,"KC@LAA 10:05PM ET",7.313,"LAA"
"1B","Paul Goldschmidt",4900,"StL@Ari 09:40PM ET",9.762,"Ari"
"OF","Gregory Polanco",4900,"Pit@Col 08:40PM ET",9.476,"Pit"
"RP","Chris Devenski",4900,"Hou@Sea 10:10PM ET",7.592,"Hou"
"SS","Jose Reyes",4800,"Pit@Col 08:40PM ET",0,"Col"
"3B","Josh Donaldson",4800,"CWS@Tor 07:07PM ET",11.364,"Tor"
"SP","Gavin Floyd",4700,"CWS@Tor 07:07PM ET",4.886,"Tor"
"SP","Jeff Locke",4700,"Pit@Col 08:40PM ET",7.613,"Pit"
"SP","Jhoulys Chacin",4700,"Atl@Bos 07:10PM ET",17.817,"Atl"
"RP","Mike Montgomery",4700,"Hou@Sea 10:10PM ET",4.192,"Sea"
"2B","Jose Altuve",4700,"Hou@Sea 10:10PM ET",12.381,"Hou"
"SP","Shane Greene",4700,"Oak@Det 07:10PM ET",6.413,"Det"
"SP","Williams Perez",4700,"Atl@Bos 07:10PM ET",4.183,"Atl"
"OF","Yoenis Cespedes",4700,"Cin@NYM 07:10PM ET",11.188,"NYM"
"1B","David Ortiz",4600,"Atl@Bos 07:10PM ET",9.111,"Bos"
"3B","Adrian Beltre",4600,"NYY@Tex 08:05PM ET",7.667,"Tex"
"OF","Charlie Blackmon",4600,"Pit@Col 08:40PM ET",6.375,"Col"
"SP","Dan Straily",4600,"Cin@NYM 07:10PM ET",9.700,"Cin"
"OF","Curtis Granderson",4500,"Cin@NYM 07:10PM ET",9.105,"NYM"
"SP","Jordan Lyles",4500,"Pit@Col 08:40PM ET",2.838,"Col"
"2B","Josh Harrison",4500,"Pit@Col 08:40PM ET",8.238,"Pit"
"3B/OF","Kris Bryant",4500,"Mil@ChC 08:05PM ET",9.350,"ChC"
"SP","Ryan Vogelsong",4400,"Pit@Col 08:40PM ET",6.525,"Pit"
"OF","Jose Bautista",4400,"CWS@Tor 07:07PM ET",9.273,"Tor"
"RP","Dillon Gee",4400,"KC@LAA 10:05PM ET",9.467,"KC"
"2B","Dee Gordon",4400,"Mia@LAD 10:10PM ET",7.842,"Mia"
"3B/SS","Manny Machado",4400,"Bal@TB 07:10PM ET",10.895,"Bal"
"SP","Christian Bergman",4400,"Pit@Col 08:40PM ET",4.342,"Col"
"SS","Carlos Correa",4400,"Hou@Sea 10:10PM ET",8.150,"Hou"
"SP","Matt Harrison",4300,"Phi@Was 07:05PM ET",0,"Phi"
"OF","Dexter Fowler",4300,"Mil@ChC 08:05PM ET",11.842,"ChC"
"OF","Jacoby Ellsbury",4300,"NYY@Tex 08:05PM ET",7.158,"NYY"
"RP","Ross Detwiler",4300,"Cle@Min 08:10PM ET",0.900,"Cle"
"SP","Juan Nicasio",4300,"Pit@Col 08:40PM ET",14.700,"Pit"
"OF","Aaron Hicks",4300,"NYY@Tex 08:05PM ET",1.143,"NYY"
"OF","Nick Markakis",4200,"Atl@Bos 07:10PM ET",7.600,"Atl"
"2B","Ian Kinsler",4200,"Oak@Det 07:10PM ET",9.579,"Det"
"OF","Carlos Gonzalez",4200,"Pit@Col 08:40PM ET",9.250,"Col"
"OF","Mark Trumbo",4200,"Bal@TB 07:10PM ET",10.316,"Bal"
"OF","Michael Brantley",4200,"Cle@Min 08:10PM ET",0.000,"Cle"
"OF","Gerardo Parra",4200,"Pit@Col 08:40PM ET",8.105,"Col"
"1B","Freddie Freeman",4200,"Atl@Bos 07:10PM ET",5.421,"Atl"
"1B","Eric Hosmer",4200,"KC@LAA 10:05PM ET",7.550,"KC"
"RP","Brandon Maurer",4200,"SD@SF 03:45PM ET",2.350,"SD"
"SP","Tyler Matzek",4200,"Pit@Col 08:40PM ET",0,"Col"
"2B","DJ LeMahieu",4200,"Pit@Col 08:40PM ET",8.111,"Col"
"RP","Tyler Lyons",4200,"StL@Ari 09:40PM ET",1.757,"StL"
"OF","Ender Inciarte",4200,"Atl@Bos 07:10PM ET",3.333,"Atl"
"SP","Jose Urena",4200,"Mia@LAD 10:10PM ET",-1.250,"Mia"
"1B/3B","Alex Rodriguez",4100,"NYY@Tex 08:05PM ET",5.867,"NYY"
"1B","Mark Teixeira",4100,"NYY@Tex 08:05PM ET",7.632,"NYY"
"SP","Jeremy Guthrie",4100,"NYY@Tex 08:05PM ET",0,"Tex"
"1B","Adrian Gonzalez",4100,"Mia@LAD 10:10PM ET",8.333,"LAD"
"1B","Hanley Ramirez",4100,"Atl@Bos 07:10PM ET",7.421,"Bos"
"OF","Matt Kemp",4100,"SD@SF 03:45PM ET",8.050,"SD"
"OF","Ian Desmond",4100,"NYY@Tex 08:05PM ET",8.000,"Tex"
"2B","Neil Walker",4100,"Cin@NYM 07:10PM ET",9.263,"NYM"
"2B","Dustin Pedroia",4100,"Atl@Bos 07:10PM ET",8.579,"Bos"
"OF","Colby Rasmus",4100,"Hou@Sea 10:10PM ET",9.714,"Hou"
"OF","Brett Gardner",4100,"NYY@Tex 08:05PM ET",7.500,"NYY"
"2B","Daniel Murphy",4100,"Phi@Was 07:05PM ET",9.722,"Was"
"1B","Lucas Duda",4100,"Cin@NYM 07:10PM ET",7.263,"NYM"
"2B","Jason Kipnis",4100,"Cle@Min 08:10PM ET",8.056,"Cle"
"SP","Sean Nolin",4100,"Mil@ChC 08:05PM ET",0,"Mil"
"OF","George Springer",4100,"Hou@Sea 10:10PM ET",8.381,"Hou"
"RP","Joe Nathan",4000,"Oak@Det 07:10PM ET",0,"Det"
"RP","Buddy Carlyle",4000,"Cin@NYM 07:10PM ET",0,"NYM"
"SP","Johan Santana",4000,"CWS@Tor 07:07PM ET",0,"Tor"
"RP","Jason Grilli",4000,"Atl@Bos 07:10PM ET",2.269,"Atl"
"SP","Jason Marquis",4000,"Cin@NYM 07:10PM ET",0,"Cin"
"1B","Albert Pujols",4000,"KC@LAA 10:05PM ET",7.048,"LAA"
"RP","Joaquin Benoit",4000,"Hou@Sea 10:10PM ET",2.608,"Sea"
"SP","Josh Beckett",4000,"Mia@LAD 10:10PM ET",0,"LAD"
"RP","Rafael Soriano",4000,"CWS@Tor 07:07PM ET",0,"Tor"
"RP","Fernando Rodney",4000,"SD@SF 03:45PM ET",4.008,"SD"
"RP","Oliver Perez",4000,"Phi@Was 07:05PM ET",3.189,"Was"
"SP","Cliff Lee",4000,"Phi@Was 07:05PM ET",0,"Phi"
"RP","Francisco Rodriguez",4000,"Oak@Det 07:10PM ET",0.521,"Det"
"RP","Ryan Madson",4000,"Oak@Det 07:10PM ET",2.895,"Oak"
"RP","Sean Burnett",4000,"KC@LAA 10:05PM ET",0,"LAA"
"RP","Javier Lopez",4000,"SD@SF 03:45PM ET",-0.115,"SF"
"RP","Chris Capuano",4000,"Mil@ChC 08:05PM ET",2.919,"Mil"
"RP","Scott Rice",4000,"Cin@NYM 07:10PM ET",0,"NYM"
"RP","Jason Frasor",4000,"Atl@Bos 07:10PM ET",0,"Atl"
"RP","Blaine Boyer",4000,"Mil@ChC 08:05PM ET",1.325,"Mil"
"SP","Chien-Ming Wang",4000,"KC@LAA 10:05PM ET",2.217,"KC"
"RP","Joel Hanrahan",4000,"Oak@Det 07:10PM ET",0,"Det"
"RP","Joel Peralta",4000,"Hou@Sea 10:10PM ET",3.783,"Sea"
"RP","Chad Qualls",4000,"Pit@Col 08:40PM ET",1.122,"Col"
"2B","Robinson Cano",4000,"Hou@Sea 10:10PM ET",9.700,"Sea"
"RP","Santiago Casilla",4000,"SD@SF 03:45PM ET",3.806,"SF"
"OF","Ryan Raburn",4000,"Pit@Col 08:40PM ET",4.500,"Col"
"SP","Edwin Jackson",4000,"Mia@LAD 10:10PM ET",1.513,"Mia"
"RP","Brandon League",4000,"Mia@LAD 10:10PM ET",0,"LAD"
"3B","David Wright",4000,"Cin@NYM 07:10PM ET",8.375,"NYM"
"RP","Jim Johnson",4000,"Atl@Bos 07:10PM ET",2.655,"Atl"
"RP","Craig Breslow",4000,"Mia@LAD 10:10PM ET",2.375,"Mia"
"RP","Joe Blanton",4000,"Mia@LAD 10:10PM ET",3.750,"LAD"
"RP","Kevin Jepsen",4000,"Cle@Min 08:10PM ET",2.655,"Min"
"RP","Matt Albers",4000,"CWS@Tor 07:07PM ET",3.720,"CWS"
"RP","Zach Duke",4000,"CWS@Tor 07:07PM ET",1.412,"CWS"
"RP","Sergio Santos",4000,"NYY@Tex 08:05PM ET",0,"NYY"
"RP","Jonathan Broxton",4000,"StL@Ari 09:40PM ET",3.563,"StL"
"RP","Jesse Crain",4000,"CWS@Tor 07:07PM ET",0,"CWS"
"RP","Pat Neshek",4000,"Hou@Sea 10:10PM ET",2.733,"Hou"
"RP","Carlos Villanueva",4000,"SD@SF 03:45PM ET",2.450,"SD"
"SP","Josh Johnson",4000,"SD@SF 03:45PM ET",0,"SD"
"RP","Joakim Soria",4000,"KC@LAA 10:05PM ET",1.809,"KC"
"RP","Tom Wilhelmsen",4000,"NYY@Tex 08:05PM ET",-0.956,"Tex"
"RP","Dana Eveland",4000,"Bal@TB 07:10PM ET",1.442,"TB"
"RP","Matt Belisle",4000,"Phi@Was 07:05PM ET",1.900,"Was"
"RP","Sean Marshall",4000,"Cin@NYM 07:10PM ET",0,"Cin"
"RP","Jason Motte",4000,"Pit@Col 08:40PM ET",0,"Col"
"RP","Jonathan Papelbon",4000,"Phi@Was 07:05PM ET",2.150,"Was"
"RP","Jim Henderson",4000,"Cin@NYM 07:10PM ET",2.700,"NYM"
"RP","Brad Ziegler",4000,"StL@Ari 09:40PM ET",3.656,"Ari"
"SP","James McDonald",4000,"Mil@ChC 08:05PM ET",0,"ChC"
"RP","Matt Thornton",4000,"SD@SF 03:45PM ET",0,"SD"
"SP","Chad Billingsley",4000,"Phi@Was 07:05PM ET",0,"Phi"
"RP","Darin Downs",4000,"Hou@Sea 10:10PM ET",0,"Hou"
"RP","Eric O'Flaherty",4000,"Atl@Bos 07:10PM ET",0.214,"Atl"
"RP","Tyler Clippard",4000,"StL@Ari 09:40PM ET",3.294,"Ari"
"RP","Pedro Strop",4000,"Mil@ChC 08:05PM ET",3.156,"ChC"
"SP","Felipe Paulino",4000,"Atl@Bos 07:10PM ET",0,"Bos"
"RP","Yusmeiro Petit",4000,"Phi@Was 07:05PM ET",8.010,"Was"
"RP","Boone Logan",4000,"Pit@Col 08:40PM ET",2.855,"Col"
"RP","Alexi Ogando",4000,"Atl@Bos 07:10PM ET",3.478,"Atl"
"RP","Fernando Rodriguez",4000,"Oak@Det 07:10PM ET",5.033,"Oak"
"RP","Jake McGee",4000,"Pit@Col 08:40PM ET",0.025,"Col"
"RP","Carlos Torres",4000,"Mil@ChC 08:05PM ET",2.067,"Mil"
"RP","Jerry Blevins",4000,"Cin@NYM 07:10PM ET",2.328,"NYM"
"RP","Ryan Webb",4000,"Bal@TB 07:10PM ET",1.410,"TB"
"RP","Mark Lowe",4000,"Oak@Det 07:10PM ET",2.381,"Det"
"RP","Glen Perkins",4000,"Cle@Min 08:10PM ET",1.450,"Min"
"RP","Wade Davis",4000,"KC@LAA 10:05PM ET",4.131,"KC"
"RP","Javy Guerra",4000,"KC@LAA 10:05PM ET",0,"LAA"
"RP","Franklin Morales",4000,"CWS@Tor 07:07PM ET",0.750,"Tor"
"RP","J.P. Howell",4000,"Mia@LAD 10:10PM ET",0.233,"LAD"
"RP","Jonny Venters",4000,"Atl@Bos 07:10PM ET",0,"Atl"
"RP","Samuel Deduno",4000,"Bal@TB 07:10PM ET",0,"Bal"
"OF","Hunter Pence",4000,"SD@SF 03:45PM ET",7.955,"SF"
"RP","Ross Ohlendorf",4000,"Cin@NYM 07:10PM ET",3.240,"Cin"
"RP","Huston Street",4000,"KC@LAA 10:05PM ET",2.628,"LAA"
"RP","Tony Sipp",4000,"Hou@Sea 10:10PM ET",2.128,"Hou"
"RP","Xavier Cedeno",4000,"Bal@TB 07:10PM ET",2.663,"TB"
"RP","Mike Dunn",4000,"Mia@LAD 10:10PM ET",0,"Mia"
"SP","Cesar Ramos",4000,"NYY@Tex 08:05PM ET",10.900,"Tex"
"RP","Travis Wood",4000,"Mil@ChC 08:05PM ET",1.975,"ChC"
"RP","Clayton Richard",4000,"Mil@ChC 08:05PM ET",-0.550,"ChC"
"RP","Josh Outman",4000,"Atl@Bos 07:10PM ET",0,"Atl"
"RP","Craig Stammen",4000,"Cle@Min 08:10PM ET",0,"Cle"
"RP","Sergio Romo",4000,"SD@SF 03:45PM ET",1.575,"SF"
"RP","Michael Broadway",4000,"SD@SF 03:45PM ET",4.350,"SF"
"RP","David Hernandez",4000,"Phi@Was 07:05PM ET",3.460,"Phi"
"RP","Kenley Jansen",4000,"Mia@LAD 10:10PM ET",4.594,"LAD"
"RP","Trevor Bell",4000,"Cin@NYM 07:10PM ET",0,"Cin"
"RP","Anthony Varvaro",4000,"Atl@Bos 07:10PM ET",0,"Bos"
"RP","Seung Hwan Oh",4000,"StL@Ari 09:40PM ET",5.260,"StL"
"RP","Luke Hochevar",4000,"KC@LAA 10:05PM ET",3.672,"KC"
"RP","Andrew Miller",4000,"NYY@Tex 08:05PM ET",5.828,"NYY"
"SP","Tim Lincecum",4000,"SD@SF 03:45PM ET",0,"SF"
"RP","Jeremy Jeffress",4000,"Mil@ChC 08:05PM ET",2.167,"Mil"
"RP","Ryan Buchter",4000,"SD@SF 03:45PM ET",4.055,"SD"
"RP","Darren O'Day",4000,"Bal@TB 07:10PM ET",4.963,"Bal"
"RP","Bryan Morris",4000,"Mia@LAD 10:10PM ET",1.250,"Mia"
"RP","Adam Ottavino",4000,"Pit@Col 08:40PM ET",0,"Col"
"RP","Cory Rasmus",4000,"KC@LAA 10:05PM ET",2.810,"LAA"
"RP","Joba Chamberlain",4000,"Cle@Min 08:10PM ET",2.133,"Cle"
"RP","Trevor Cahill",4000,"Mil@ChC 08:05PM ET",0.844,"ChC"
"RP","Blake Wood",4000,"Cin@NYM 07:10PM ET",2.280,"Cin"
"RP","Zach Britton",4000,"Bal@TB 07:10PM ET",4.188,"Bal"
"RP","Joe Smith",4000,"KC@LAA 10:05PM ET",1.614,"LAA"
"RP","Zach McAllister",4000,"Cle@Min 08:10PM ET",2.989,"Cle"
"RP","Jared Hughes",4000,"Pit@Col 08:40PM ET",0,"Pit"
"RP","Nate Adcock",4000,"Bal@TB 07:10PM ET",0,"Bal"
"RP","Josh Ravin",4000,"Mia@LAD 10:10PM ET",0,"LAD"
"1B","Chris Davis",4000,"Bal@TB 07:10PM ET",9.526,"Bal"
"RP","Chris Hatcher",4000,"Mia@LAD 10:10PM ET",2.014,"LAD"
"RP","George Kontos",4000,"SD@SF 03:45PM ET",1.819,"SF"
"RP","Andrew Bailey",4000,"Phi@Was 07:05PM ET",7.300,"Phi"
"RP","Dellin Betances",4000,"NYY@Tex 08:05PM ET",6.170,"NYY"
"RP","Will Harris",4000,"Hou@Sea 10:10PM ET",3.794,"Hou"
"3B","David Freese",4000,"Pit@Col 08:40PM ET",7.000,"Pit"
"RP","Mark Melancon",4000,"Pit@Col 08:40PM ET",2.611,"Pit"
"RP","Tony Barnette",4000,"NYY@Tex 08:05PM ET",2.417,"Tex"
"RP","Jordan Walden",4000,"StL@Ari 09:40PM ET",0,"StL"
"RP","David Carpenter",4000,"Bal@TB 07:10PM ET",0,"TB"
"RP","Tony Watson",4000,"Pit@Col 08:40PM ET",1.894,"Pit"
"RP","Jeff Manship",4000,"Cle@Min 08:10PM ET",2.164,"Cle"
"RP","Jon Edwards",4000,"SD@SF 03:45PM ET",0,"SD"
"RP","Casey Fien",4000,"Cle@Min 08:10PM ET",1.560,"Min"
"RP","Blake Parker",4000,"Mil@ChC 08:05PM ET",0,"ChC"
"RP","David Robertson",4000,"CWS@Tor 07:07PM ET",4.022,"CWS"
"RP","Sam Dyson",4000,"NYY@Tex 08:05PM ET",2.494,"Tex"
"RP","Brad Boxberger",4000,"Bal@TB 07:10PM ET",0,"TB"
"RP","Cory Luebke",4000,"Pit@Col 08:40PM ET",0.033,"Pit"
"RP","Preston Claiborne",4000,"Mia@LAD 10:10PM ET",0,"Mia"
"RP","Luke Gregerson",4000,"Hou@Sea 10:10PM ET",3.200,"Hou"
"RP","Drew Hayes",4000,"Cin@NYM 07:10PM ET",2.300,"Cin"
"RP","Neftali Feliz",4000,"Pit@Col 08:40PM ET",3.604,"Pit"
"RP","Hector Rondon",4000,"Mil@ChC 08:05PM ET",5.717,"ChC"
"RP","Antonio Bastardo",4000,"Cin@NYM 07:10PM ET",4.725,"NYM"
"RP","Jeanmar Gomez",4000,"Phi@Was 07:05PM ET",4.180,"Phi"
"RP","Fernando Salas",4000,"KC@LAA 10:05PM ET",3.225,"LAA"
"RP","John Axford",4000,"Oak@Det 07:10PM ET",3.675,"Oak"
"OF","Jason Heyward",4000,"Mil@ChC 08:05PM ET",7.850,"ChC"
"RP","Dan Otero",4000,"Cle@Min 08:10PM ET",4.160,"Cle"
"RP","Brett Cecil",4000,"CWS@Tor 07:07PM ET",1.500,"Tor"
"RP","Nick Hagadone",4000,"Mil@ChC 08:05PM ET",0,"Mil"
"RP","Nate Jones",4000,"CWS@Tor 07:07PM ET",3.755,"CWS"
"RP","Shawn Kelley",4000,"Phi@Was 07:05PM ET",3.238,"Was"
"3B","Todd Frazier",4000,"CWS@Tor 07:07PM ET",7.952,"CWS"
"RP","Marc Rzepczynski",4000,"Oak@Det 07:10PM ET",2.394,"Oak"
"RP","Tommy Hunter",4000,"Cle@Min 08:10PM ET",0,"Cle"
"OF","Steven Souza Jr.",4000,"Bal@TB 07:10PM ET",8.941,"TB"
"RP","Steve Cishek",4000,"Hou@Sea 10:10PM ET",4.189,"Sea"
"RP","Josh Fields",4000,"Hou@Sea 10:10PM ET",2.200,"Hou"
"RP","Greg Holland",4000,"KC@LAA 10:05PM ET",0,"KC"
"RP","Chris Withrow",4000,"Atl@Bos 07:10PM ET",1.428,"Atl"
"RP","Sean Doolittle",4000,"Oak@Det 07:10PM ET",2.277,"Oak"
"RP","Neil Ramirez",4000,"Mil@ChC 08:05PM ET",3.010,"ChC"
"RP","Ryan Pressly",4000,"Cle@Min 08:10PM ET",3.786,"Min"
"RP","Ryan Brasier",4000,"Oak@Det 07:10PM ET",0,"Oak"
"RP","T.J. McFarland",4000,"Bal@TB 07:10PM ET",2.817,"Bal"
"RP","Cory Gearrin",4000,"SD@SF 03:45PM ET",1.717,"SF"
"RP","Charlie Furbush",4000,"Hou@Sea 10:10PM ET",0,"Sea"
"RP","Michael Blazek",4000,"Mil@ChC 08:05PM ET",2.950,"Mil"
"SP","Anthony Ranaudo",4000,"NYY@Tex 08:05PM ET",0,"Tex"
"RP","Justin Grimm",4000,"Mil@ChC 08:05PM ET",3.417,"ChC"
"SP","Josh Collmenter",4000,"StL@Ari 09:40PM ET",0,"Ari"
"RP","Hunter Strickland",4000,"SD@SF 03:45PM ET",2.355,"SF"
"RP","Pedro Baez",4000,"Mia@LAD 10:10PM ET",3.839,"LAD"
"RP","Mitch Harris",4000,"StL@Ari 09:40PM ET",0,"StL"
"RP","Sam Freeman",4000,"Mil@ChC 08:05PM ET",-0.908,"Mil"
"RP","Tommy Layne",4000,"Atl@Bos 07:10PM ET",1.920,"Bos"
"RP","Evan Scribner",4000,"Hou@Sea 10:10PM ET",0,"Sea"
"SP","Nick Tepesch",4000,"NYY@Tex 08:05PM ET",0,"Tex"
"RP","Jake Diekman",4000,"NYY@Tex 08:05PM ET",2.645,"Tex"
"RP","Luis Garcia",4000,"Phi@Was 07:05PM ET",1.650,"Phi"
"RP","Fernando Abad",4000,"Cle@Min 08:10PM ET",4.533,"Min"
"RP","J.C. Ramirez",4000,"Cin@NYM 07:10PM ET",6.125,"Cin"
"RP","Jhan Marinez",4000,"Bal@TB 07:10PM ET",4.250,"TB"
"RP","Liam Hendriks",4000,"Oak@Det 07:10PM ET",1.393,"Oak"
"RP","Jose Alvarez",4000,"KC@LAA 10:05PM ET",1.180,"LAA"
"RP","Tim Collins",4000,"KC@LAA 10:05PM ET",0,"KC"
"RP","Brian Matusz",4000,"Bal@TB 07:10PM ET",-1.375,"Bal"
"RP","Aaron Crow",4000,"Mil@ChC 08:05PM ET",0,"ChC"
"SP","Lance Lynn",4000,"StL@Ari 09:40PM ET",0,"StL"
"RP","Kyle Lobstein",4000,"Pit@Col 08:40PM ET",5.150,"Pit"
"RP","Tanner Scheppers",4000,"NYY@Tex 08:05PM ET",0,"Tex"
"RP","Brad Hand",4000,"SD@SF 03:45PM ET",2.681,"SD"
"RP","Robbie Ross Jr.",4000,"Atl@Bos 07:10PM ET",3.614,"Bos"
"SS","Jordy Mercer",4000,"Pit@Col 08:40PM ET",7.550,"Pit"
"RP","Craig Kimbrel",4000,"Atl@Bos 07:10PM ET",3.809,"Bos"
"SP","Jonathan Pettibone",4000,"Mil@ChC 08:05PM ET",0,"ChC"
"RP","Trevor May",4000,"Cle@Min 08:10PM ET",4.390,"Min"
"RP","Justin Wilson",4000,"Oak@Det 07:10PM ET",3.994,"Det"
"RP","Justin Miller",4000,"Pit@Col 08:40PM ET",2.050,"Col"
"RP","Daniel Hudson",4000,"StL@Ari 09:40PM ET",4.083,"Ari"
"RP","Zach Putnam",4000,"CWS@Tor 07:07PM ET",4.843,"CWS"
"RP","Nick Vincent",4000,"Hou@Sea 10:10PM ET",4.544,"Sea"
"RP","Ryan Cook",4000,"Hou@Sea 10:10PM ET",0,"Sea"
"RP","Michael Kohn",4000,"Atl@Bos 07:10PM ET",0,"Atl"
"RP","Chris Rusin",4000,"Pit@Col 08:40PM ET",7.838,"Col"
"RP","Jeff Beliveau",4000,"Bal@TB 07:10PM ET",0,"Bal"
"RP","Will Smith",4000,"Mil@ChC 08:05PM ET",0,"Mil"
"RP","Dan Jennings",4000,"CWS@Tor 07:07PM ET",3.863,"CWS"
"RP","Blaine Hardy",4000,"Oak@Det 07:10PM ET",2.817,"Det"
"RP","J.J. Hoover",4000,"Cin@NYM 07:10PM ET",-0.972,"Cin"
"RP","Pat Venditte",4000,"CWS@Tor 07:07PM ET",0.050,"Tor"
"SP","Ryan Weber",4000,"Atl@Bos 07:10PM ET",3.217,"Atl"
"RP","Brad Brach",4000,"Bal@TB 07:10PM ET",5.695,"Bal"
"RP","Aaron Barrett",4000,"Phi@Was 07:05PM ET",0,"Was"
"RP","Alex Meyer",4000,"Cle@Min 08:10PM ET",0,"Min"
"RP","Hunter Cervenka",4000,"Atl@Bos 07:10PM ET",2.531,"Atl"
"RP","Michael Tonkin",4000,"Cle@Min 08:10PM ET",4.529,"Min"
"RP","Randall Delgado",4000,"StL@Ari 09:40PM ET",2.336,"Ari"
"RP","Kelvin Herrera",4000,"KC@LAA 10:05PM ET",4.114,"KC"
"RP","Jenrry Mejia",4000,"Cin@NYM 07:10PM ET",0,"NYM"
"2B","Starlin Castro",4000,"NYY@Tex 08:05PM ET",7.316,"NYY"
"RP","Bryan Shaw",4000,"Cle@Min 08:10PM ET",1.056,"Cle"
"RP","Arodys Vizcaino",4000,"Atl@Bos 07:10PM ET",4.044,"Atl"
"RP","Jeurys Familia",4000,"Cin@NYM 07:10PM ET",2.414,"NYM"
"SP","Alex Colome",4000,"Bal@TB 07:10PM ET",4.319,"TB"
"RP","Arquimedes Caminero",4000,"Pit@Col 08:40PM ET",2.014,"Pit"
"RP","Kevin Siegrist",4000,"StL@Ari 09:40PM ET",4.850,"StL"
"RP","Steve Geltz",4000,"Bal@TB 07:10PM ET",1.500,"TB"
"RP","Bo Schultz",4000,"CWS@Tor 07:07PM ET",0,"Tor"
"SP","Matt Magill",4000,"Cin@NYM 07:10PM ET",0,"Cin"
"RP","Koji Uehara",4000,"Atl@Bos 07:10PM ET",2.620,"Bos"
"RP","Junichi Tazawa",4000,"Atl@Bos 07:10PM ET",3.590,"Bos"
"1B","Jose Abreu",4000,"CWS@Tor 07:07PM ET",5.905,"CWS"
"RP","Drew Storen",4000,"CWS@Tor 07:07PM ET",0.539,"Tor"
"RP","Matt Purke",4000,"Phi@Was 07:05PM ET",0,"Was"
"RP","Mychal Givens",4000,"Bal@TB 07:10PM ET",4.430,"Bal"
"RP","Alex Wilson",4000,"Oak@Det 07:10PM ET",5.513,"Det"
"RP","Adam Warren",4000,"Mil@ChC 08:05PM ET",5.857,"ChC"
"RP","Louis Coleman",4000,"Mia@LAD 10:10PM ET",1.593,"LAD"
"RP","Caleb Cotham",4000,"Cin@NYM 07:10PM ET",2.841,"Cin"
"RP","Brian Moran",4000,"Hou@Sea 10:10PM ET",0,"Sea"
"SP","Miles Mikolas",4000,"NYY@Tex 08:05PM ET",0,"Tex"
"RP","Buddy Baumann",4000,"SD@SF 03:45PM ET",0,"SD"
"RP","Rob Scahill",4000,"Pit@Col 08:40PM ET",1.188,"Pit"
"RP","Aaron Loup",4000,"CWS@Tor 07:07PM ET",0,"Tor"
"SP","Mark Appel",4000,"Phi@Was 07:05PM ET",0,"Phi"
"RP","Bryan Mitchell",4000,"NYY@Tex 08:05PM ET",0,"NYY"
"RP","A.J. Ramos",4000,"Mia@LAD 10:10PM ET",4.075,"Mia"
"RP","Trevor Rosenthal",4000,"StL@Ari 09:40PM ET",5.279,"StL"
"RP","Zack Jones",4000,"Mil@ChC 08:05PM ET",0,"Mil"
"RP","Keith Butler",4000,"StL@Ari 09:40PM ET",0,"StL"
"RP","Mario Hollands",4000,"Phi@Was 07:05PM ET",0,"Phi"
"RP","Derek Law",4000,"SD@SF 03:45PM ET",3.330,"SF"
"RP","Pat Light",4000,"Atl@Bos 07:10PM ET",-3.550,"Bos"
"RP","Diego Moreno",4000,"NYY@Tex 08:05PM ET",0,"NYY"
"RP","Vidal Nuno",4000,"Hou@Sea 10:10PM ET",2.958,"Sea"
"RP","Jake Petricka",4000,"CWS@Tor 07:07PM ET",2.343,"CWS"
"RP","Mike Morin",4000,"KC@LAA 10:05PM ET",2.113,"LAA"
"RP","Enrique Burgos",4000,"StL@Ari 09:40PM ET",5.250,"Ari"
"RP","Ken Giles",4000,"Hou@Sea 10:10PM ET",1.989,"Hou"
"RP","Paco Rodriguez",4000,"Atl@Bos 07:10PM ET",0,"Atl"
"RP","Josh Edgin",4000,"Cin@NYM 07:10PM ET",0,"NYM"
"RP","Jose Cisnero",4000,"Cin@NYM 07:10PM ET",0,"Cin"
"RP","Enny Romero",4000,"Bal@TB 07:10PM ET",4.388,"TB"
"RP","Bruce Rondon",4000,"Oak@Det 07:10PM ET",0,"Det"
"RP","Mayckol Guaipe",4000,"Hou@Sea 10:10PM ET",0,"Sea"
"RP","Yhonathan Barrios",4000,"Mil@ChC 08:05PM ET",0,"Mil"
"RP","Felipe Rivero",4000,"Phi@Was 07:05PM ET",4.145,"Was"
"RP","Angel Nesbitt",4000,"Oak@Det 07:10PM ET",0,"Det"
"RP","Kirby Yates",4000,"NYY@Tex 08:05PM ET",3.786,"NYY"
"RP","Jairo Diaz",4000,"Pit@Col 08:40PM ET",0,"Col"
"RP","Jose Valdez",4000,"Oak@Det 07:10PM ET",0,"Det"
"RP","Gonzalez Germen",4000,"Pit@Col 08:40PM ET",3.333,"Col"
"RP","Hansel Robles",4000,"Cin@NYM 07:10PM ET",3.385,"NYM"
"RP","Yimi Garcia",4000,"Mia@LAD 10:10PM ET",1.572,"LAD"
"SP","Cesar Vargas",4000,"SD@SF 03:45PM ET",10.450,"SD"
"RP","Lisalverto Bonilla",4000,"Mia@LAD 10:10PM ET",0,"LAD"
"RP","Aroldis Chapman",4000,"NYY@Tex 08:05PM ET",0,"NYY"
"RP","Seth Maness",4000,"StL@Ari 09:40PM ET",0.150,"StL"
"RP","Scott Oberg",4000,"Pit@Col 08:40PM ET",3.025,"Col"
"RP","Matt Barnes",4000,"Atl@Bos 07:10PM ET",4.306,"Bos"
"RP","Tyler Thornburg",4000,"Mil@ChC 08:05PM ET",5.069,"Mil"
"RP","Shawn Tolleson",4000,"NYY@Tex 08:05PM ET",0.794,"Tex"
"SP","Brandon Cumpton",4000,"Pit@Col 08:40PM ET",0,"Pit"
"RP","A.J. Schugel",4000,"Pit@Col 08:40PM ET",4.217,"Pit"
"SP","Jesse Biddle",4000,"Atl@Bos 07:10PM ET",0,"Atl"
"RP","Addison Reed",4000,"Cin@NYM 07:10PM ET",3.759,"NYM"
"RP","Johnny Barbato",4000,"NYY@Tex 08:05PM ET",4.979,"NYY"
"RP","Josh Osich",4000,"SD@SF 03:45PM ET",1.829,"SF"
"RP","Michael Mariot",4000,"Phi@Was 07:05PM ET",0,"Phi"
"RP","Heath Hembree",4000,"Atl@Bos 07:10PM ET",13.417,"Bos"
"SP","Domingo German",4000,"NYY@Tex 08:05PM ET",0,"NYY"
"RP","Chasen Shreve",4000,"NYY@Tex 08:05PM ET",2.963,"NYY"
"SP","Kyle Ryan",4000,"Oak@Det 07:10PM ET",2.421,"Det"
"RP","Ryan O'Rourke",4000,"Cle@Min 08:10PM ET",3.640,"Min"
"RP","Cody Allen",4000,"Cle@Min 08:10PM ET",1.144,"Cle"
"OF","Adam Eaton",4000,"CWS@Tor 07:07PM ET",6.800,"CWS"
"RP","Adam Liberatore",4000,"Mia@LAD 10:10PM ET",3.367,"LAD"
"RP","Blake Treinen",4000,"Phi@Was 07:05PM ET",3.694,"Was"
"RP","Andrew Triggs",4000,"Oak@Det 07:10PM ET",4.250,"Oak"
"RP","Casey Sadler",4000,"Pit@Col 08:40PM ET",0,"Pit"
"RP","Alex Claudio",4000,"NYY@Tex 08:05PM ET",2.983,"Tex"
"RP","Keith Hessler",4000,"StL@Ari 09:40PM ET",4.700,"Ari"
"RP","Steven Okert",4000,"SD@SF 03:45PM ET",3.450,"SF"
"RP","Dan Winkler",4000,"Atl@Bos 07:10PM ET",4.217,"Atl"
"RP","Hector Neris",4000,"Phi@Was 07:05PM ET",5.309,"Phi"
"RP","Frankie Montas",4000,"Mia@LAD 10:10PM ET",0,"LAD"
"RP","Michael Feliz",4000,"Hou@Sea 10:10PM ET",-0.500,"Hou"
"RP","Jack Leathersich",4000,"Mil@ChC 08:05PM ET",0,"ChC"
"RP","Tony Zych",4000,"Hou@Sea 10:10PM ET",4.794,"Sea"
"RP","Andrew McKirahan",4000,"Atl@Bos 07:10PM ET",0,"Atl"
"RP","R.J. Alvarez",4000,"Oak@Det 07:10PM ET",0,"Oak"
"SP","Tyler Anderson",4000,"Pit@Col 08:40PM ET",0,"Col"
"RP","Drew VerHagen",4000,"Oak@Det 07:10PM ET",0.240,"Det"
"RP","Roberto Osuna",4000,"CWS@Tor 07:07PM ET",3.422,"Tor"
"RP","Luis Perdomo",4000,"SD@SF 03:45PM ET",0.213,"SD"
"RP","Andrew Chafin",4000,"StL@Ari 09:40PM ET",2.459,"Ari"
"RP","Carter Capps",4000,"Mia@LAD 10:10PM ET",0,"Mia"
"RP","Tony Cingrani",4000,"Cin@NYM 07:10PM ET",2.100,"Cin"
"RP","Carson Smith",4000,"Atl@Bos 07:10PM ET",0,"Bos"
"RP","Kevin Quackenbush",4000,"SD@SF 03:45PM ET",1.114,"SD"
"RP","Aaron Brooks",4000,"Mil@ChC 08:05PM ET",0,"ChC"
"RP","Branden Pinder",4000,"NYY@Tex 08:05PM ET",-2.150,"NYY"
"RP","Carlos Estevez",4000,"Pit@Col 08:40PM ET",4.175,"Col"
"RP","Elvis Araujo",4000,"Phi@Was 07:05PM ET",1.820,"Phi"
"RP","Nick Goody",4000,"NYY@Tex 08:05PM ET",7.300,"NYY"
"RP","Joe Biagini",4000,"CWS@Tor 07:07PM ET",3.960,"Tor"
"RP","Phil Klein",4000,"NYY@Tex 08:05PM ET",6.210,"Tex"
"RP","Kyle Barraclough",4000,"Mia@LAD 10:10PM ET",4.821,"Mia"
"RP","Keone Kela",4000,"NYY@Tex 08:05PM ET",3.664,"Tex"
"RP","Dominic Leone",4000,"StL@Ari 09:40PM ET",-5.250,"Ari"
"RP","Nick Wittgren",4000,"Mia@LAD 10:10PM ET",1.350,"Mia"
"SP","Zach Eflin",4000,"Phi@Was 07:05PM ET",0,"Phi"
"SP","Jake Thompson",4000,"Phi@Was 07:05PM ET",0,"Phi"
"RP","Daniel Stumpf",4000,"Phi@Was 07:05PM ET",-2.100,"Phi"
"RP","Matt Bowman",4000,"StL@Ari 09:40PM ET",2.571,"StL"
"RP","Shae Simmons",4000,"Atl@Bos 07:10PM ET",0,"Atl"
"RP","Ryan Dull",4000,"Oak@Det 07:10PM ET",3.500,"Oak"
"RP","Miguel Castro",4000,"Pit@Col 08:40PM ET",4.183,"Col"
"OF","Michael Conforto",4000,"Cin@NYM 07:10PM ET",9.500,"NYM"
"RP","Nick Rumbelow",4000,"NYY@Tex 08:05PM ET",0,"NYY"
"SP","Jeff Hoffman",4000,"Pit@Col 08:40PM ET",0,"Col"
"3B/SS","Jung Ho Kang",4000,"Pit@Col 08:40PM ET",0,"Pit"
"SP","Julio Urias",4000,"Mia@LAD 10:10PM ET",0,"LAD"
"SP","Braden Shipley",4000,"StL@Ari 09:40PM ET",0,"Ari"
"RP","Corey Knebel",4000,"Mil@ChC 08:05PM ET",0,"Mil"
"RP","Cody Ege",4000,"Mia@LAD 10:10PM ET",1.200,"Mia"
"RP","Layne Somsen",4000,"Cin@NYM 07:10PM ET",0,"Cin"
"RP","Dalier Hinojosa",4000,"Phi@Was 07:05PM ET",2.517,"Phi"
"RP","Greg Mahle",4000,"KC@LAA 10:05PM ET",1.931,"LAA"
"OF","Shin-soo Choo",3900,"NYY@Tex 08:05PM ET",5.333,"Tex"
"OF","Nelson Cruz",3900,"Hou@Sea 10:10PM ET",8.500,"Sea"
"C","Brian McCann",3900,"NYY@Tex 08:05PM ET",7.813,"NYY"
"1B","Mark Reynolds",3900,"Pit@Col 08:40PM ET",5.941,"Col"
"OF","Lorenzo Cain",3900,"KC@LAA 10:05PM ET",6.150,"KC"
"SS","Troy Tulowitzki",3900,"CWS@Tor 07:07PM ET",6.286,"Tor"
"3B","Mike Moustakas",3900,"KC@LAA 10:05PM ET",9.316,"KC"
"OF","Jeremy Hazelbaker",3900,"StL@Ari 09:40PM ET",8.550,"StL"
"2B","Brian Dozier",3900,"Cle@Min 08:10PM ET",7.750,"Min"
"OF","Kole Calhoun",3900,"KC@LAA 10:05PM ET",6.476,"LAA"
"OF","Miguel Sano",3900,"Cle@Min 08:10PM ET",6.714,"Min"
"SS","Xander Bogaerts",3900,"Atl@Bos 07:10PM ET",9.316,"Bos"
"2B","Joe Panik",3900,"SD@SF 03:45PM ET",8.273,"SF"
"2B","Rougned Odor",3900,"NYY@Tex 08:05PM ET",7.667,"Tex"
"SS","Corey Seager",3900,"Mia@LAD 10:10PM ET",7.900,"LAD"
"1B","Tyler White",3900,"Hou@Sea 10:10PM ET",7.550,"Hou"
"OF","Carlos Beltran",3800,"NYY@Tex 08:05PM ET",7.211,"NYY"
"OF","Jayson Werth",3800,"Phi@Was 07:05PM ET",6.588,"Was"
"1B","Miguel Cabrera",3800,"Oak@Det 07:10PM ET",7.211,"Det"
"3B","Pablo Sandoval",3800,"Atl@Bos 07:10PM ET",0.667,"Bos"
"OF","Jay Bruce",3800,"Cin@NYM 07:10PM ET",8.474,"Cin"
"C","Francisco Cervelli",3800,"Pit@Col 08:40PM ET",7.421,"Pit"
"1B","Carlos Santana",3800,"Cle@Min 08:10PM ET",7.500,"Cle"
"OF","David Peralta",3800,"StL@Ari 09:40PM ET",8.000,"Ari"
"3B","Anthony Rendon",3800,"Phi@Was 07:05PM ET",5.632,"Was"
"2B","Jean Segura",3800,"StL@Ari 09:40PM ET",10.476,"Ari"
"3B","Matt Carpenter",3800,"StL@Ari 09:40PM ET",9.150,"StL"
"OF","Marcell Ozuna",3800,"Mia@LAD 10:10PM ET",6.000,"Mia"
"SS","Francisco Lindor",3800,"Cle@Min 08:10PM ET",7.889,"Cle"
"OF","Mallex Smith",3800,"Atl@Bos 07:10PM ET",4.267,"Atl"
"OF","Nomar Mazara",3800,"NYY@Tex 08:05PM ET",8.643,"Tex"
"OF","Yasiel Puig",3800,"Mia@LAD 10:10PM ET",7.619,"LAD"
"1B","Edwin Encarnacion",3700,"CWS@Tor 07:07PM ET",7.409,"Tor"
"1B","Prince Fielder",3700,"NYY@Tex 08:05PM ET",5.667,"Tex"
"OF","Denard Span",3700,"SD@SF 03:45PM ET",7.667,"SF"
"2B","Ben Zobrist",3700,"Mil@ChC 08:05PM ET",7.667,"ChC"
"1B","Kendrys Morales",3700,"KC@LAA 10:05PM ET",5.750,"KC"
"OF","Ryan Braun",3700,"Mil@ChC 08:05PM ET",10.368,"Mil"
"SS","Elvis Andrus",3700,"NYY@Tex 08:05PM ET",7.105,"Tex"
"C","Nick Hundley",3700,"Pit@Col 08:40PM ET",6.750,"Col"
"3B","Chase Headley",3700,"NYY@Tex 08:05PM ET",4.188,"NYY"
"OF","Justin Upton",3700,"Oak@Det 07:10PM ET",4.895,"Det"
"OF","Jarrod Dyson",3700,"KC@LAA 10:05PM ET",6.875,"KC"
"OF","Ben Revere",3700,"Phi@Was 07:05PM ET",0.000,"Was"
"C","Buster Posey",3700,"SD@SF 03:45PM ET",6.895,"SF"
"2B","Logan Forsythe",3700,"Bal@TB 07:10PM ET",9.263,"TB"
"OF","Billy Burns",3700,"Oak@Det 07:10PM ET",6.588,"Oak"
"OF","Delino DeShields",3700,"NYY@Tex 08:05PM ET",6.263,"Tex"
"OF","Christian Yelich",3700,"Mia@LAD 10:10PM ET",9.368,"Mia"
"3B","Maikel Franco",3700,"Phi@Was 07:05PM ET",8.158,"Phi"
"2B/OF","Howie Kendrick",3600,"Mia@LAD 10:10PM ET",2.357,"LAD"
"1B/OF","Matt Holliday",3600,"StL@Ari 09:40PM ET",7.158,"StL"
"1B","John Jaso",3600,"Pit@Col 08:40PM ET",7.222,"Pit"
"3B","Martin Prado",3600,"Mia@LAD 10:10PM ET",6.467,"Mia"
"OF","Justin Ruggiano",3600,"NYY@Tex 08:05PM ET",7.000,"Tex"
"OF","Alex Gordon",3600,"KC@LAA 10:05PM ET",6.350,"KC"
"1B","Brandon Belt",3600,"SD@SF 03:45PM ET",7.318,"SF"
"C","Welington Castillo",3600,"StL@Ari 09:40PM ET",10.188,"Ari"
"C","Salvador Perez",3600,"KC@LAA 10:05PM ET",7.947,"KC"
"OF","Stephen Piscotty",3600,"StL@Ari 09:40PM ET",9.474,"StL"
"OF","Joc Pederson",3600,"Mia@LAD 10:10PM ET",7.300,"LAD"
"OF","Josh Bell",3600,"Pit@Col 08:40PM ET",0,"Pit"
"C","A.J. Pierzynski",3500,"Atl@Bos 07:10PM ET",4.846,"Atl"
"OF","Josh Hamilton",3500,"NYY@Tex 08:05PM ET",0,"Tex"
"2B","Chase Utley",3500,"Mia@LAD 10:10PM ET",7.421,"LAD"
"C","Russell Martin",3500,"CWS@Tor 07:07PM ET",2.889,"Tor"
"OF","Carlos Gomez",3500,"Hou@Sea 10:10PM ET",4.050,"Hou"
"1B","Ryan Zimmerman",3500,"Phi@Was 07:05PM ET",6.933,"Was"
"OF","Josh Reddick",3500,"Oak@Det 07:10PM ET",8.250,"Oak"
"3B","Kyle Seager",3500,"Hou@Sea 10:10PM ET",6.316,"Sea"
"OF","J.D. Martinez",3500,"Oak@Det 07:10PM ET",6.526,"Det"
"1B/OF","Darin Ruf",3500,"Phi@Was 07:05PM ET",1.688,"Phi"
"SS","Aledmys Diaz",3500,"StL@Ari 09:40PM ET",10.333,"StL"
"3B","Hector Olivera",3500,"Atl@Bos 07:10PM ET",4.000,"Atl"
"1B","Byung Ho Park",3500,"Cle@Min 08:10PM ET",6.938,"Min"
"SS","Jimmy Rollins",3400,"CWS@Tor 07:07PM ET",7.200,"CWS"
"1B","Joe Mauer",3400,"Cle@Min 08:10PM ET",7.857,"Min"
"C","Yadier Molina",3400,"StL@Ari 09:40PM ET",7.300,"StL"
"OF","Rajai Davis",3400,"Cle@Min 08:10PM ET",8.294,"Cle"
"SS","Erick Aybar",3400,"Atl@Bos 07:10PM ET",3.158,"Atl"
"1B","Joey Votto",3400,"Cin@NYM 07:10PM ET",5.571,"Cin"
"SS","Jhonny Peralta",3400,"StL@Ari 09:40PM ET",0,"StL"
"C","Jarrod Saltalamacchia",3400,"Oak@Det 07:10PM ET",9.400,"Det"
"OF","Adam Jones",3400,"Bal@TB 07:10PM ET",4.933,"Bal"
"SS","Alcides Escobar",3400,"KC@LAA 10:05PM ET",6.050,"KC"
"SS","Asdrubal Cabrera",3400,"Cin@NYM 07:10PM ET",6.158,"NYM"
"3B","Evan Longoria",3400,"Bal@TB 07:10PM ET",6.950,"TB"
"2B/3B","Chris Coghlan",3400,"Oak@Det 07:10PM ET",5.778,"Oak"
"2B","Brett Lawrie",3400,"CWS@Tor 07:07PM ET",6.619,"CWS"
"1B","Wil Myers",3400,"SD@SF 03:45PM ET",8.000,"SD"
"C","Yan Gomes",3400,"Cle@Min 08:10PM ET",6.625,"Cle"
"3B","Eugenio Suarez",3400,"Cin@NYM 07:10PM ET",9.190,"Cin"
"1B/OF","Mark Canha",3400,"Oak@Det 07:10PM ET",6.000,"Oak"
"1B","Jason Rogers",3400,"Pit@Col 08:40PM ET",6.000,"Pit"
"OF","Evan Gattis",3400,"Hou@Sea 10:10PM ET",3.455,"Hou"
"3B","Travis Shaw",3400,"Atl@Bos 07:10PM ET",8.550,"Bos"
"OF","Jorge Soler",3400,"Mil@ChC 08:05PM ET",4.842,"ChC"
"OF","Yasmany Tomas",3400,"StL@Ari 09:40PM ET",9.789,"Ari"
"1B","Victor Martinez",3300,"Oak@Det 07:10PM ET",7.105,"Det"
"OF","Marlon Byrd",3300,"Cle@Min 08:10PM ET",6.929,"Cle"
"OF","Chris Young",3300,"Atl@Bos 07:10PM ET",2.154,"Bos"
"C","Carlos Ruiz",3300,"Phi@Was 07:05PM ET",8.375,"Phi"
"OF","Andre Ethier",3300,"Mia@LAD 10:10PM ET",0,"LAD"
"3B","Trevor Plouffe",3300,"Cle@Min 08:10PM ET",6.917,"Min"
"OF","Michael Saunders",3300,"CWS@Tor 07:07PM ET",8.688,"Tor"
"1B","Chris Colabello",3300,"CWS@Tor 07:07PM ET",1.400,"Tor"
"3B","Justin Turner",3300,"Mia@LAD 10:10PM ET",5.632,"LAD"
"C","Travis d'Arnaud",3300,"Cin@NYM 07:10PM ET",4.077,"NYM"
"2B/OF","Dustin Ackley",3300,"NYY@Tex 08:05PM ET",1.167,"NYY"
"OF","Randal Grichuk",3300,"StL@Ari 09:40PM ET",8.211,"StL"
"OF","Reymond Fuentes",3300,"KC@LAA 10:05PM ET",3.833,"KC"
"OF","Corey Dickerson",3300,"Bal@TB 07:10PM ET",7.053,"TB"
"OF","Oswaldo Arcia",3300,"Cle@Min 08:10PM ET",6.727,"Min"
"SS","Adeiny Hechavarria",3300,"Mia@LAD 10:10PM ET",4.333,"Mia"
"C","J.T. Realmuto",3300,"Mia@LAD 10:10PM ET",5.625,"Mia"
"2B","Devon Travis",3300,"CWS@Tor 07:07PM ET",0,"Tor"
"C","Blake Swihart",3300,"Atl@Bos 07:10PM ET",4.833,"Bos"
"2B/OF","Jace Peterson",3300,"Atl@Bos 07:10PM ET",2.556,"Atl"
"OF","Angel Pagan",3200,"SD@SF 03:45PM ET",7.909,"SF"
"1B/OF","Brandon Moss",3200,"StL@Ari 09:40PM ET",7.650,"StL"
"1B/OF","Sean Rodriguez",3200,"Pit@Col 08:40PM ET",6.000,"Pit"
"OF","Melky Cabrera",3200,"CWS@Tor 07:07PM ET",7.000,"CWS"
"1B","Adam Lind",3200,"Hou@Sea 10:10PM ET",3.471,"Sea"
"3B","Yunel Escobar",3200,"KC@LAA 10:05PM ET",6.952,"LAA"
"3B/SS","Eduardo Nunez",3200,"Cle@Min 08:10PM ET",8.667,"Min"
"OF","Norichika Aoki",3200,"Hou@Sea 10:10PM ET",5.550,"Sea"
"C","Wilson Ramos",3200,"Phi@Was 07:05PM ET",6.800,"Was"
"1B","Mitch Moreland",3200,"NYY@Tex 08:05PM ET",6.333,"Tex"
"2B/SS","Daniel Descalso",3200,"Pit@Col 08:40PM ET",0,"Col"
"C","Yasmani Grandal",3200,"Mia@LAD 10:10PM ET",5.250,"LAD"
"SS","Brandon Crawford",3200,"SD@SF 03:45PM ET",6.048,"SF"
"3B","Eric Campbell",3200,"Cin@NYM 07:10PM ET",0.714,"NYM"
"OF","Avisail Garcia",3200,"CWS@Tor 07:07PM ET",6.235,"CWS"
"OF","Michael A. Taylor",3200,"Phi@Was 07:05PM ET",6.059,"Was"
"OF","Brock Holt",3200,"Atl@Bos 07:10PM ET",8.438,"Bos"
"3B","Jake Lamb",3200,"StL@Ari 09:40PM ET",8.450,"Ari"
"2B/SS","Jedd Gyorko",3200,"StL@Ari 09:40PM ET",6.533,"StL"
"OF","Mason Williams",3200,"NYY@Tex 08:05PM ET",0,"NYY"
"C","Brett Nicholas",3200,"NYY@Tex 08:05PM ET",7.000,"Tex"
"OF","Kevin Kiermaier",3200,"Bal@TB 07:10PM ET",7.000,"TB"
"SS","Ketel Marte",3200,"Hou@Sea 10:10PM ET",5.778,"Sea"
"OF","Tyler Goeddel",3200,"Phi@Was 07:05PM ET",1.182,"Phi"
"1B","A.J. Reed",3200,"Hou@Sea 10:10PM ET",0,"Hou"
"3B","Matt Duffy",3200,"SD@SF 03:45PM ET",5.455,"SF"
"OF","Byron Buxton",3200,"Cle@Min 08:10PM ET",3.765,"Min"
"OF","Rusney Castillo",3200,"Atl@Bos 07:10PM ET",10.000,"Bos"
"OF","Carl Crawford",3100,"Mia@LAD 10:10PM ET",4.333,"LAD"
"2B/OF","Kelly Johnson",3100,"Atl@Bos 07:10PM ET",2.529,"Atl"
"1B","Michael Morse",3100,"Pit@Col 08:40PM ET",0.000,"Pit"
"C","Robinson Chirinos",3100,"NYY@Tex 08:05PM ET",6.200,"Tex"
"OF","Alejandro De Aza",3100,"Cin@NYM 07:10PM ET",2.500,"NYM"
"1B","Billy Butler",3100,"Oak@Det 07:10PM ET",2.545,"Oak"
"1B","Steve Pearce",3100,"Bal@TB 07:10PM ET",5.250,"TB"
"1B/OF","Scott Van Slyke",3100,"Mia@LAD 10:10PM ET",2.750,"LAD"
"OF","Cameron Maybin",3100,"Oak@Det 07:10PM ET",0,"Det"
"OF","Drew Stubbs",3100,"Atl@Bos 07:10PM ET",4.375,"Atl"
"3B","Danny Valencia",3100,"Oak@Det 07:10PM ET",5.286,"Oak"
"OF","Matt Szczur",3100,"Mil@ChC 08:05PM ET",4.000,"ChC"
"2B","Kolten Wong",3100,"StL@Ari 09:40PM ET",4.118,"StL"
"SS","Didi Gregorius",3100,"NYY@Tex 08:05PM ET",4.667,"NYY"
"OF","Kike Hernandez",3100,"Mia@LAD 10:10PM ET",5.300,"LAD"
"OF","Matt den Dekker",3100,"Phi@Was 07:05PM ET",2.357,"Was"
"2B","Scooter Gennett",3100,"Mil@ChC 08:05PM ET",7.474,"Mil"
"OF","Odubel Herrera",3100,"Phi@Was 07:05PM ET",8.900,"Phi"
"OF","Jackie Bradley Jr.",3100,"Atl@Bos 07:10PM ET",6.316,"Bos"
"OF","Eddie Rosario",3100,"Cle@Min 08:10PM ET",5.737,"Min"
"OF","Kevin Pillar",3100,"CWS@Tor 07:07PM ET",6.048,"Tor"
"2B","Cory Spangenberg",3100,"SD@SF 03:45PM ET",6.429,"SD"
"2B/SS","Trea Turner",3100,"Phi@Was 07:05PM ET",0,"Was"
"3B","Adonis Garcia",3100,"Atl@Bos 07:10PM ET",5.850,"Atl"
"SS","Addison Russell",3100,"Mil@ChC 08:05PM ET",7.222,"ChC"
"3B/OF","Alex Guerrero",3100,"Mia@LAD 10:10PM ET",0,"LAD"
"2B","Brandon Phillips",3000,"Cin@NYM 07:10PM ET",7.211,"Cin"
"OF","Melvin Upton Jr.",3000,"SD@SF 03:45PM ET",7.762,"SD"
"C","Carlos Corporan",3000,"NYY@Tex 08:05PM ET",0,"NYY"
"3B","Luis Valbuena",3000,"Hou@Sea 10:10PM ET",4.167,"Hou"
"1B","Chris Carter",3000,"Mil@ChC 08:05PM ET",9.579,"Mil"
"OF","Austin Jackson",3000,"CWS@Tor 07:07PM ET",4.238,"CWS"
"OF","Antoan Richardson",3000,"Pit@Col 08:40PM ET",0,"Pit"
"OF","Desmond Jennings",3000,"Bal@TB 07:10PM ET",5.444,"TB"
"OF","Tommy Pham",3000,"StL@Ari 09:40PM ET",0.000,"StL"
"OF","Khris Davis",3000,"Oak@Det 07:10PM ET",4.895,"Oak"
"1B/OF","Clint Robinson",3000,"Phi@Was 07:05PM ET",1.000,"Was"
"C","Stephen Vogt",3000,"Oak@Det 07:10PM ET",6.000,"Oak"
"OF","Abraham Almonte",3000,"Cle@Min 08:10PM ET",0,"Cle"
"1B","Justin Smoak",3000,"CWS@Tor 07:07PM ET",3.000,"Tor"
"1B","Ike Davis",3000,"NYY@Tex 08:05PM ET",0,"Tex"
"C","Christian Vazquez",3000,"Atl@Bos 07:10PM ET",4.750,"Bos"
"2B/SS","Wilmer Flores",3000,"Cin@NYM 07:10PM ET",1.273,"NYM"
"OF","Chris Owings",3000,"StL@Ari 09:40PM ET",5.950,"Ari"
"OF","Billy Hamilton",3000,"Cin@NYM 07:10PM ET",5.471,"Cin"
"1B/OF","Ben Paulsen",3000,"Pit@Col 08:40PM ET",5.588,"Col"
"C","Dustin Garneau",3000,"Pit@Col 08:40PM ET",8.667,"Col"
"1B","Matt Adams",3000,"StL@Ari 09:40PM ET",2.684,"StL"
"3B","Tyler Saladino",3000,"CWS@Tor 07:07PM ET",2.900,"CWS"
"OF","Rafael Ortega",3000,"KC@LAA 10:05PM ET",5.375,"LAA"
"2B/SS","Cristhian Adames",3000,"Pit@Col 08:40PM ET",1.600,"Col"
"C","Cameron Rupp",3000,"Phi@Was 07:05PM ET",6.750,"Phi"
"SS","Marco Hernandez",3000,"Atl@Bos 07:10PM ET",12.000,"Bos"
"SS","Andrelton Simmons",3000,"KC@LAA 10:05PM ET",4.143,"LAA"
"OF","Dalton Pompey",3000,"CWS@Tor 07:07PM ET",0,"Tor"
"OF","Max Kepler",3000,"Cle@Min 08:10PM ET",2.000,"Min"
"1B/OF","Ji-Man Choi",3000,"KC@LAA 10:05PM ET",1.625,"LAA"
"1B","C.J. Cron",3000,"KC@LAA 10:05PM ET",4.000,"LAA"
"C","Austin Barnes",3000,"Mia@LAD 10:10PM ET",2.333,"LAD"
"3B/SS","Javier Baez",3000,"Mil@ChC 08:05PM ET",5.778,"ChC"
"3B/OF","Jose Ramirez",3000,"Cle@Min 08:10PM ET",7.462,"Cle"
"OF","Franklin Gutierrez",2900,"Hou@Sea 10:10PM ET",2.750,"Sea"
"OF","Gregor Blanco",2900,"SD@SF 03:45PM ET",4.071,"SF"
"C","Miguel Montero",2900,"Mil@ChC 08:05PM ET",6.071,"ChC"
"OF","Seth Smith",2900,"Hou@Sea 10:10PM ET",5.842,"Sea"
"1B","Logan Morrison",2900,"Bal@TB 07:10PM ET",2.000,"TB"
"C","Hank Conger",2900,"Bal@TB 07:10PM ET",1.455,"TB"
"1B","Yonder Alonso",2900,"Oak@Det 07:10PM ET",2.737,"Oak"
"2B","Johnny Giavotella",2900,"KC@LAA 10:05PM ET",4.067,"LAA"
"OF","Anthony Gose",2900,"Oak@Det 07:10PM ET",3.500,"Det"
"1B/OF","Hyun Soo Kim",2900,"Bal@TB 07:10PM ET",5.750,"Bal"
"OF","Trayce Thompson",2900,"Mia@LAD 10:10PM ET",4.000,"LAD"
"OF","Tyler Naquin",2900,"Cle@Min 08:10PM ET",3.688,"Cle"
"SS","Marcus Semien",2900,"Oak@Det 07:10PM ET",6.143,"Oak"
"3B","Nick Castellanos",2900,"Oak@Det 07:10PM ET",7.111,"Det"
"SS","Brad Miller",2900,"Bal@TB 07:10PM ET",3.833,"TB"
"2B/3B","Tommy La Stella",2900,"Mil@ChC 08:05PM ET",5.700,"ChC"
"OF","Ryan Rua",2900,"NYY@Tex 08:05PM ET",3.778,"Tex"
"OF","Manuel Margot",2900,"SD@SF 03:45PM ET",0,"SD"
"OF","Ichiro Suzuki",2800,"Mia@LAD 10:10PM ET",3.308,"Mia"
"OF","Coco Crisp",2800,"Oak@Det 07:10PM ET",6.824,"Oak"
"1B","Mike Napoli",2800,"Cle@Min 08:10PM ET",7.500,"Cle"
"OF","Jeff Francoeur",2800,"Atl@Bos 07:10PM ET",3.313,"Atl"
"OF","Jordan Schafer",2800,"Mia@LAD 10:10PM ET",0,"LAD"
"OF","Brandon Barnes",2800,"Pit@Col 08:40PM ET",2.563,"Col"
"OF","Matt Joyce",2800,"Pit@Col 08:40PM ET",4.000,"Pit"
"OF","Paulo Orlando",2800,"KC@LAA 10:05PM ET",3.429,"KC"
"3B/OF","Lonnie Chisenhall",2800,"Cle@Min 08:10PM ET",2.500,"Cle"
"OF","Domonic Brown",2800,"CWS@Tor 07:07PM ET",0,"Tor"
"C","Roberto Perez",2800,"Cle@Min 08:10PM ET",5.333,"Cle"
"C","Jonathan Lucroy",2800,"Mil@ChC 08:05PM ET",5.833,"Mil"
"C","Eric Fryer",2800,"StL@Ari 09:40PM ET",4.250,"StL"
"OF","Brandon Guyer",2800,"Bal@TB 07:10PM ET",6.400,"TB"
"OF","Jabari Blash",2800,"SD@SF 03:45PM ET",1.400,"SD"
"C","Alex Avila",2800,"CWS@Tor 07:07PM ET",3.200,"CWS"
"OF","J.B. Shuck",2800,"CWS@Tor 07:07PM ET",0.500,"CWS"
"1B/OF","Jerry Sands",2800,"CWS@Tor 07:07PM ET",4.250,"CWS"
"C","Josh Phegley",2800,"Oak@Det 07:10PM ET",5.167,"Oak"
"OF","Domingo Santana",2800,"Mil@ChC 08:05PM ET",6.850,"Mil"
"C","Willson Contreras",2800,"Mil@ChC 08:05PM ET",0,"ChC"
"C","Curt Casali",2800,"Bal@TB 07:10PM ET",3.000,"TB"
"OF","Adam Duvall",2800,"Cin@NYM 07:10PM ET",5.765,"Cin"
"OF","Socrates Brito",2800,"StL@Ari 09:40PM ET",4.800,"Ari"
"OF","Preston Tucker",2800,"Hou@Sea 10:10PM ET",4.059,"Hou"
"C","Trevor Brown",2800,"SD@SF 03:45PM ET",7.889,"SF"
"2B","Omar Infante",2700,"KC@LAA 10:05PM ET",5.471,"KC"
"OF","Sam Fuld",2700,"Oak@Det 07:10PM ET",0,"Oak"
"2B","Stephen Drew",2700,"Phi@Was 07:05PM ET",2.364,"Was"
"2B","Jed Lowrie",2700,"Oak@Det 07:10PM ET",5.700,"Oak"
"C","Matt Wieters",2700,"Bal@TB 07:10PM ET",5.538,"Bal"
"C","Derek Norris",2700,"SD@SF 03:45PM ET",4.278,"SD"
"2B/SS","Christian Colon",2700,"KC@LAA 10:05PM ET",3.400,"KC"
"OF","Ezequiel Carrera",2700,"CWS@Tor 07:07PM ET",6.182,"Tor"
"1B/3B","Yangervis Solarte",2700,"SD@SF 03:45PM ET",7.600,"SD"
"1B/OF","Daniel Nava",2700,"KC@LAA 10:05PM ET",2.750,"LAA"
"2B/SS","Tim Beckham",2700,"Bal@TB 07:10PM ET",3.667,"TB"
"3B","Gordon Beckham",2700,"Atl@Bos 07:10PM ET",4.300,"Atl"
"SS","Danny Espinosa",2700,"Phi@Was 07:05PM ET",4.000,"Was"
"C","Chris Herrmann",2700,"StL@Ari 09:40PM ET",4.300,"Ari"
"OF","Jake Marisnick",2700,"Hou@Sea 10:10PM ET",0.750,"Hou"
"OF","Aaron Altherr",2700,"Phi@Was 07:05PM ET",0,"Phi"
"SS","Jonathan Villar",2700,"Mil@ChC 08:05PM ET",5.944,"Mil"
"C","Elias Diaz",2700,"Pit@Col 08:40PM ET",0,"Pit"
"2B/3B","Ronald Torreyes",2700,"NYY@Tex 08:05PM ET",5.125,"NYY"
"C","Tony Wolters",2700,"Pit@Col 08:40PM ET",4.333,"Col"
"OF","Joey Rickard",2700,"Bal@TB 07:10PM ET",6.368,"Bal"
"3B/OF","Joey Gallo",2700,"NYY@Tex 08:05PM ET",0,"Tex"
"3B","Juan Uribe",2600,"Cle@Min 08:10PM ET",4.667,"Cle"
"C","Dioner Navarro",2600,"CWS@Tor 07:07PM ET",4.500,"CWS"
"C","Geovany Soto",2600,"KC@LAA 10:05PM ET",6.250,"LAA"
"C","Chris Stewart",2600,"Pit@Col 08:40PM ET",6.800,"Pit"
"C","Ryan Hanigan",2600,"Atl@Bos 07:10PM ET",4.667,"Bos"
"C","A.J. Ellis",2600,"Mia@LAD 10:10PM ET",5.917,"LAD"
"C","Chris Gimenez",2600,"NYY@Tex 08:05PM ET",0,"Tex"
"C","Josh Thole",2600,"CWS@Tor 07:07PM ET",3.111,"Tor"
"OF","Peter Bourjos",2600,"Phi@Was 07:05PM ET",3.500,"Phi"
"1B","Dae-Ho Lee",2600,"Hou@Sea 10:10PM ET",4.545,"Sea"
"C","Tyler Flowers",2600,"Atl@Bos 07:10PM ET",5.222,"Atl"
"OF","Cedric Hunter",2600,"Phi@Was 07:05PM ET",2.154,"Phi"
"1B/3B","Chris Johnson",2600,"Mia@LAD 10:10PM ET",1.571,"Mia"
"OF","Chris Heisey",2600,"Phi@Was 07:05PM ET",4.091,"Was"
"OF","Juan Lagares",2600,"Cin@NYM 07:10PM ET",2.533,"NYM"
"1B","Austin Romine",2600,"NYY@Tex 08:05PM ET",2.625,"NYY"
"SS","Freddy Galvis",2600,"Phi@Was 07:05PM ET",6.368,"Phi"
"3B/SS","Ruben Tejada",2600,"StL@Ari 09:40PM ET",1.000,"StL"
"SS","Alexei Ramirez",2600,"SD@SF 03:45PM ET",5.190,"SD"
"1B","Pedro Alvarez",2600,"Bal@TB 07:10PM ET",4.071,"Bal"
"C","Jason Castro",2600,"Hou@Sea 10:10PM ET",3.000,"Hou"
"1B","Brett Wallace",2600,"SD@SF 03:45PM ET",1.769,"SD"
"OF","Kirk Nieuwenhuis",2600,"Mil@ChC 08:05PM ET",4.125,"Mil"
"OF","Keon Broxton",2600,"Mil@ChC 08:05PM ET",3.000,"Mil"
"OF","Leonys Martin",2600,"Hou@Sea 10:10PM ET",6.684,"Sea"
"C","John Ryan Murphy",2600,"Cle@Min 08:10PM ET",1.625,"Min"
"2B","Cesar Hernandez",2600,"Phi@Was 07:05PM ET",5.824,"Phi"
"OF","Eury Perez",2600,"Hou@Sea 10:10PM ET",0,"Hou"
"2B/SS","Greg Garcia",2600,"StL@Ari 09:40PM ET",6.625,"StL"
"OF","Tyler Collins",2600,"Oak@Det 07:10PM ET",1.000,"Det"
"2B","Kelby Tomlinson",2600,"SD@SF 03:45PM ET",1.875,"SF"
"C","Kevin Plawecki",2600,"Cin@NYM 07:10PM ET",3.000,"NYM"
"1B","Ryan Howard",2500,"Phi@Was 07:05PM ET",5.250,"Phi"
"2B/3B","Andres Blanco",2500,"Phi@Was 07:05PM ET",4.714,"Phi"
"C","Jose Lobaton",2500,"Phi@Was 07:05PM ET",4.667,"Was"
"2B/SS","Cliff Pennington",2500,"KC@LAA 10:05PM ET",3.067,"LAA"
"OF","Nolan Reimold",2500,"Bal@TB 07:10PM ET",5.300,"Bal"
"OF","Jon Jay",2500,"SD@SF 03:45PM ET",6.350,"SD"
"SS","Zack Cozart",2500,"Cin@NYM 07:10PM ET",8.533,"Cin"
"SS","Eduardo Escobar",2500,"Cle@Min 08:10PM ET",4.550,"Min"
"2B/SS","Ehire Adrianza",2500,"SD@SF 03:45PM ET",3.500,"SF"
"OF","Yorman Rodriguez",2500,"Cin@NYM 07:10PM ET",0,"Cin"
"SS","Jose Iglesias",2500,"Oak@Det 07:10PM ET",5.000,"Det"
"2B/3B","Phil Gosselin",2500,"StL@Ari 09:40PM ET",2.529,"Ari"
"2B","Josh Rutledge",2500,"Atl@Bos 07:10PM ET",4.400,"Bos"
"3B/OF","Cody Asche",2500,"Phi@Was 07:05PM ET",0,"Phi"
"SS","Jorge Polanco",2500,"Cle@Min 08:10PM ET",2.750,"Min"
"C","Justin O'Conner",2500,"Bal@TB 07:10PM ET",0,"TB"
"2B/SS","Daniel Castro",2500,"Atl@Bos 07:10PM ET",5.250,"Atl"
"C","Jorge Alfaro",2500,"Phi@Was 07:05PM ET",0,"Phi"
"OF","Travis Jankowski",2500,"SD@SF 03:45PM ET",1.500,"SD"
"SS","Orlando Arcia",2500,"Mil@ChC 08:05PM ET",0,"Mil"
"C","David Ross",2400,"Mil@ChC 08:05PM ET",7.125,"ChC"
"C","Chris Iannetta",2400,"Hou@Sea 10:10PM ET",5.412,"Sea"
"C","Steve Clevenger",2400,"Hou@Sea 10:10PM ET",6.800,"Sea"
"OF","Craig Gentry",2400,"KC@LAA 10:05PM ET",2.357,"LAA"
"1B/3B","Marwin Gonzalez",2400,"Hou@Sea 10:10PM ET",3.813,"Hou"
"C","Devin Mesoraco",2400,"Cin@NYM 07:10PM ET",2.600,"Cin"
"3B/OF","Derek Dietrich",2400,"Mia@LAD 10:10PM ET",4.733,"Mia"
"C","Caleb Joseph",2400,"Bal@TB 07:10PM ET",3.444,"Bal"
"3B/SS","Miguel Rojas",2400,"Mia@LAD 10:10PM ET",1.667,"Mia"
"C","Andrew Susac",2400,"SD@SF 03:45PM ET",0,"SF"
"1B","Justin Bour",2400,"Mia@LAD 10:10PM ET",5.412,"Mia"
"C","Mike Zunino",2400,"Hou@Sea 10:10PM ET",0,"Sea"
"OF","Rymer Liriano",2400,"Mil@ChC 08:05PM ET",0,"Mil"
"OF","Juan Perez",2400,"Mil@ChC 08:05PM ET",0,"ChC"
"OF","Scott Schebler",2400,"Cin@NYM 07:10PM ET",3.421,"Cin"
"2B","Jose Peraza",2400,"Cin@NYM 07:10PM ET",0,"Cin"
"OF","Michael Reed",2400,"Mil@ChC 08:05PM ET",0,"Mil"
"C","Kurt Suzuki",2300,"Cle@Min 08:10PM ET",4.286,"Min"
"3B/OF","Ivan De Jesus Jr.",2300,"Cin@NYM 07:10PM ET",3.692,"Cin"
"2B","Jimmy Paredes",2300,"Bal@TB 07:10PM ET",0,"Bal"
"2B","Eric Sogard",2300,"Oak@Det 07:10PM ET",0,"Oak"
"3B/SS","Andrew Romine",2300,"Oak@Det 07:10PM ET",0.900,"Det"
"OF","Collin Cowgill",2300,"Cle@Min 08:10PM ET",0.778,"Cle"
"C","Kyle Skipworth",2300,"Cin@NYM 07:10PM ET",0,"Cin"
"C","Christian Bethancourt",2300,"SD@SF 03:45PM ET",4.429,"SD"
"OF","Ramon Flores",2300,"Mil@ChC 08:05PM ET",1.813,"Mil"
"C","Carlos Perez",2300,"KC@LAA 10:05PM ET",3.000,"LAA"
"OF","Tyler Holt",2300,"Cin@NYM 07:10PM ET",2.882,"Cin"
"2B","Hanser Alberto",2300,"NYY@Tex 08:05PM ET",0.600,"Tex"
"C","James McCann",2300,"Oak@Det 07:10PM ET",2.500,"Det"
"SS","Nick Ahmed",2300,"StL@Ari 09:40PM ET",5.455,"Ari"
"SS","J.J. Hardy",2200,"Bal@TB 07:10PM ET",6.647,"Bal"
"3B","Aaron Hill",2200,"Mil@ChC 08:05PM ET",4.053,"Mil"
"1B/OF","Kyle Blanks",2200,"SD@SF 03:45PM ET",0,"SF"
"2B/SS","Emmanuel Burriss",2200,"Phi@Was 07:05PM ET",1.400,"Phi"
"2B/3B","Darwin Barney",2200,"CWS@Tor 07:07PM ET",6.500,"Tor"
"SS","Danny Santana",2200,"Cle@Min 08:10PM ET",4.833,"Min"
"2B","Jonathan Schoop",2200,"Bal@TB 07:10PM ET",5.158,"Bal"
"2B","Ryan Brett",2200,"Bal@TB 07:10PM ET",0,"TB"
"C","Brayan Pena",2100,"StL@Ari 09:40PM ET",0,"StL"
"3B/OF","Mike Aviles",2100,"Oak@Det 07:10PM ET",2.429,"Det"
"C","Drew Butera",2100,"KC@LAA 10:05PM ET",6.333,"KC"
"OF","David Lough",2100,"Phi@Was 07:05PM ET",5.667,"Phi"
"2B","Jose Pirela",2100,"SD@SF 03:45PM ET",1.250,"SD"
"SS","Alexi Amarista",2100,"SD@SF 03:45PM ET",5.875,"SD"
"C","Max Stassi",2100,"Hou@Sea 10:10PM ET",0,"Hou"
"3B/OF","Brandon Drury",2100,"StL@Ari 09:40PM ET",5.750,"Ari"
"2B/SS","Rafael Furcal",2000,"Mia@LAD 10:10PM ET",0,"Mia"
"2B","Marco Scutaro",2000,"SD@SF 03:45PM ET",0,"SF"
"1B","Jeff Baker",2000,"Mia@LAD 10:10PM ET",0,"Mia"
"C","Gerald Laird",2000,"StL@Ari 09:40PM ET",0,"Ari"
"1B/OF","Corey Hart",2000,"Pit@Col 08:40PM ET",0,"Pit"
"OF","Nate McLouth",2000,"Phi@Was 07:05PM ET",0,"Was"
"C","Jeff Mathis",2000,"Mia@LAD 10:10PM ET",4.750,"Mia"
"3B","Don Kelly",2000,"Mia@LAD 10:10PM ET",0,"Mia"
"1B/C","Erik Kratz",2000,"Hou@Sea 10:10PM ET",0.300,"Hou"
"C","Bobby Wilson",2000,"Oak@Det 07:10PM ET",0.667,"Det"
"2B/3B","Maicer Izturis",2000,"CWS@Tor 07:07PM ET",0,"Tor"
"OF","Rickie Weeks Jr.",2000,"StL@Ari 09:40PM ET",2.438,"Ari"
"C","Martin Maldonado",2000,"Mil@ChC 08:05PM ET",1.000,"Mil"
"3B","Adam Rosales",2000,"SD@SF 03:45PM ET",4.643,"SD"
"2B/SS","Justin Sellers",2000,"SD@SF 03:45PM ET",0,"SD"
"OF/SS","Kristopher Negron",2000,"Mil@ChC 08:05PM ET",0,"ChC"
"OF","Alex Presley",2000,"Mil@ChC 08:05PM ET",4.750,"Mil"
"C","John Hester",2000,"KC@LAA 10:05PM ET",0,"LAA"
"OF","Gorkys Hernandez",2000,"SD@SF 03:45PM ET",0,"SF"
"2B/3B","Elian Herrera",2000,"Mia@LAD 10:10PM ET",0,"LAD"
"3B","Josh Vitters",2000,"Mil@ChC 08:05PM ET",0,"ChC"
"2B/SS","Charlie Culberson",2000,"Mia@LAD 10:10PM ET",2.818,"LAD"
"C","Jordan Pacheco",2000,"Cin@NYM 07:10PM ET",1.818,"Cin"
"C","Jesus Sucre",2000,"Hou@Sea 10:10PM ET",0,"Sea"
"2B","Jemile Weeks",2000,"SD@SF 03:45PM ET",3.714,"SD"
"3B","Conor Gillaspie",2000,"SD@SF 03:45PM ET",0.000,"SF"
"2B","Ryan Flaherty",2000,"Bal@TB 07:10PM ET",3.250,"Bal"
"2B/OF","Tyler Ladendorf",2000,"Oak@Det 07:10PM ET",0.000,"Oak"
"1B","Josh Satin",2000,"SD@SF 03:45PM ET",0,"SD"
"C","Tim Federowicz",2000,"Mil@ChC 08:05PM ET",0,"ChC"
"OF","Cesar Puello",2000,"NYY@Tex 08:05PM ET",0,"NYY"
"1B/OF","Donald Lutz",2000,"Cin@NYM 07:10PM ET",0,"Cin"
"2B","Ryan Goins",2000,"CWS@Tor 07:07PM ET",3.100,"Tor"
"C","Tucker Barnhart",2000,"Cin@NYM 07:10PM ET",5.700,"Cin"
"C","Hector Sanchez",2000,"CWS@Tor 07:07PM ET",0,"CWS"
"C","Luke Maile",2000,"Bal@TB 07:10PM ET",0,"TB"
"2B/SS","Wilfredo Tovar",2000,"Cle@Min 08:10PM ET",0,"Min"
"2B/3B","Christian Villanueva",2000,"Mil@ChC 08:05PM ET",0,"ChC"
"C","Bryan Holaday",2000,"NYY@Tex 08:05PM ET",4.000,"Tex"
"2B","Colin Walsh",2000,"Mil@ChC 08:05PM ET",1.353,"Mil"
"C","Cody Stanley",2000,"StL@Ari 09:40PM ET",0,"StL"
"2B","Taylor Lindsey",2000,"SD@SF 03:45PM ET",0,"SD"
"2B/SS","Yadiel Rivera",2000,"Mil@ChC 08:05PM ET",3.222,"Mil"
"OF","Aaron Judge",2000,"NYY@Tex 08:05PM ET",0,"NYY"
"OF","Hunter Renfroe",2000,"SD@SF 03:45PM ET",0,"SD"
"2B/SS","Luis Sardinas",2000,"Hou@Sea 10:10PM ET",4.250,"Sea"
"C","Austin Hedges",2000,"SD@SF 03:45PM ET",0,"SD"
"OF","Terrance Gore",2000,"KC@LAA 10:05PM ET",3.500,"KC"
"C","Kevan Smith",2000,"CWS@Tor 07:07PM ET",0.000,"CWS"
"OF","Albert Almora",2000,"Mil@ChC 08:05PM ET",0,"ChC"
"OF","Jesse Winker",2000,"Cin@NYM 07:10PM ET",0,"Cin"
"SS","Tim Anderson",2000,"CWS@Tor 07:07PM ET",0,"CWS"
